Set Name,Piece Type,Piece Name,Level,Strength,Defense,Upgrade_Hacksilver,Upgrade_Forged Iron,Upgrade_Asgardian Ingot,Runic,Vitality,Cooldown,Luck,Upgrade_Bonded Leather,Upgrade_Smoldering Embers,Upgrade_Skap Slag,Upgrade_Smouldering Embers,Upgrade_Mountain Root,Upgrade_Dwarven Steel,Upgrade_Tempered Remnants,Upgrade_Sparkling Crystal,Upgrade_Asgardian Ingots,Upgrade_Dwaren Steel,Upgrade_Nidavellir Ore,Upgrade_Purified Crystalline,Upgrade_s Broken Cuirass,Upgrade_s Broken Bracers,Upgrade_s Broken Belt,Upgrade_Divine Ashes,Upgrade_Dragon Tooth,Upgrade_Dragon Claw,Total Stats
Survival Set,Chest,Shoulder Guard of Survival,1.0,0.0,2.0,,,,,,,,,,,,,,,,,,,,,,,,,,2.0
Survival Set,Chest,Shoulder Guard of Survival,2.0,12.0,12.0,1000.0,5.0,,,,,,,,,,,,,,,,,,,,,,,,24.0
Survival Set,Chest,Shoulder Guard of Survival,3.0,20.0,20.0,2000.0,10.0,,,,,,,,,,,,,,,,,,,,,,,,40.0
Survival Set,Chest,Shoulder Guard of Survival,4.0,28.0,28.0,6000.0,4.0,,,,,,,,,,,,,,,,,,,,,,,,56.0
Survival Set,Chest,Shoulder Guard of Survival,5.0,36.0,36.0,10000.0,8.0,,,,,,,,,,,,,,,,,,,,,,,,72.0
Survival Set,Chest,Shoulder Guard of Survival,6.0,44.0,44.0,15000.0,,2.0,,,,,,,,,,,,,,,,,,,,,,,88.0
Survival Set,Chest,Shoulder Guard of Survival,7.0,52.0,52.0,20000.0,,4.0,36.0,36.0,36.0,36.0,,,,,,,,,,,,,,,,,,,248.0
Survival Set,Chest,Shoulder Guard of Survival,8.0,60.0,60.0,25000.0,,5.0,42.0,42.0,42.0,42.0,20.0,,,,,,,,,,,,,,,,,,288.0
Survival Set,Chest,Shoulder Guard of Survival,9.0,68.0,68.0,35000.0,,,48.0,48.0,48.0,48.0,4.0,2.0,,,,,,,,,,,,,,,,,328.0
Survival Set,Chest,Shoulder Guard of Survival,9.1,76.0,76.0,37500.0,,,53.0,53.0,53.0,53.0,,,10.0,,,,,,,,,,,,,,,,364.0
Survival Set,Chest,Shoulder Guard of Survival,9.2,84.0,84.0,40000.0,,,59.0,59.0,59.0,59.0,10.0,,15.0,,,,,,,,,,,,,,,,404.0
Survival Set,Chest,Shoulder Guard of Survival,9.3,92.0,92.0,42500.0,,,64.0,64.0,64.0,64.0,,,30.0,20.0,,,,,,,,,,,,,,,440.0
Survival Set,Chest,Shoulder Guard of Survival,10.0,100.0,100.0,45000.0,,,70.0,70.0,70.0,70.0,,,50.0,,1.0,,,,,,,,,,,,,,480.0
Survival Set,Wrist,Wraps of Survival,1.0,1.0,0.0,,,,,,,,,,,,,,,,,,,,,,,,,,1.0
Survival Set,Wrist,Wraps of Survival,2.0,12.0,3.0,600.0,3.0,,,,,,,,,,,,,,,,,,,,,,,,15.0
Survival Set,Wrist,Wraps of Survival,3.0,20.0,5.0,1200.0,5.0,,,,,,,,,,,,,,,,,,,,,,,,25.0
Survival Set,Wrist,Wraps of Survival,4.0,28.0,7.0,4000.0,,,,,,,,,,,,2.0,,,,,,,,,,,,,35.0
Survival Set,Wrist,Wraps of Survival,5.0,36.0,9.0,6500.0,,,,,,,,,,,,4.0,,,,,,,,,,,,,45.0
Survival Set,Wrist,Wraps of Survival,6.0,44.0,11.0,10000.0,,1.0,,,,,,,,,,,,,,,,,,,,,,,55.0
Survival Set,Wrist,Wraps of Survival,7.0,52.0,13.0,13500.0,,2.0,23.0,23.0,23.0,23.0,,,,,,,,,,,,,,,,,,,157.0
Survival Set,Wrist,Wraps of Survival,8.0,60.0,15.0,16500.0,,3.0,26.0,26.0,26.0,26.0,10.0,,,,,,,,,,,,,,,,,,179.0
Survival Set,Wrist,Wraps of Survival,9.0,68.0,17.0,25000.0,,,30.0,30.0,30.0,30.0,20.0,,,,,,5.0,,,,,,,,,,,,205.0
Survival Set,Wrist,Wraps of Survival,9.1,76.0,19.0,27500.0,,,33.0,33.0,33.0,33.0,,,5.0,,,,,,,,,,,,,,,,227.0
Survival Set,Wrist,Wraps of Survival,9.2,84.0,21.0,30000.0,,,37.0,37.0,37.0,37.0,5.0,,10.0,,,,,,,,,,,,,,,,253.0
Survival Set,Wrist,Wraps of Survival,9.3,92.0,23.0,32500.0,,,40.0,40.0,40.0,40.0,,,20.0,10.0,,,,,,,,,,,,,,,275.0
Survival Set,Wrist,Wraps of Survival,10.0,100.0,25.0,35000.0,,,44.0,44.0,44.0,44.0,,,30.0,,1.0,,,,,,,,,,,,,,301.0
Survival Set,Waist,Belt of Survival,1.0,0.0,1.0,,,,,,,,,,,,,,,,,,,,,,,,,,1.0
Survival Set,Waist,Belt of Survival,2.0,3.0,12.0,600.0,3.0,,,,,,,,,,,,,,,,,,,,,,,,15.0
Survival Set,Waist,Belt of Survival,3.0,5.0,20.0,1200.0,5.0,,,,,,,,,,,,,,,,,,,,,,,,25.0
Survival Set,Waist,Belt of Survival,4.0,7.0,28.0,4000.0,,,,,,,,,,,,2.0,,,,,,,,,,,,,35.0
Survival Set,Waist,Belt of Survival,5.0,9.0,36.0,6500.0,,,,,,,,,,,,4.0,,,,,,,,,,,,,45.0
Survival Set,Waist,Belt of Survival,6.0,11.0,44.0,10000.0,,1.0,,,,,,,,,,,,,,,,,,,,,,,55.0
Survival Set,Waist,Belt of Survival,7.0,13.0,52.0,13500.0,,2.0,23.0,23.0,23.0,23.0,,,,,,,,,,,,,,,,,,,157.0
Survival Set,Waist,Belt of Survival,8.0,15.0,60.0,16500.0,,3.0,26.0,26.0,26.0,26.0,10.0,,,,,,,,,,,,,,,,,,179.0
Survival Set,Waist,Belt of Survival,9.0,17.0,68.0,25000.0,,,30.0,30.0,30.0,30.0,20.0,,,,,,,10.0,,,,,,,,,,,205.0
Survival Set,Waist,Belt of Survival,9.1,19.0,76.0,27500.0,,,33.0,33.0,33.0,33.0,,,5.0,,,,,,,,,,,,,,,,227.0
Survival Set,Waist,Belt of Survival,9.2,21.0,84.0,30000.0,,,37.0,37.0,37.0,37.0,5.0,,10.0,,,,,,,,,,,,,,,,253.0
Survival Set,Waist,Belt of Survival,9.3,23.0,92.0,32500.0,,,40.0,40.0,40.0,40.0,,,20.0,10.0,,,,,,,,,,,,,,,275.0
Survival Set,Waist,Belt of Survival,10.0,25.0,100.0,35000.0,,,44.0,44.0,44.0,44.0,,,30.0,,1.0,,,,,,,,,,,,,,301.0
Fortified Husk Set,Chest,Fortified Husk Cuirass,1.0,3.0,6.0,500.0,,,,,,,,,,,,,,,,,,,,,,,,,9.0
Fortified Husk Set,Chest,Fortified Husk Cuirass,2.0,11.0,17.0,0.0,5.0,,,,,,,,,,,,,,,,,,,,,,,,28.0
Fortified Husk Set,Chest,Fortified Husk Cuirass,3.0,18.0,28.0,2000.0,10.0,,,,,,,,,,,,,,,,,,,,,,,,46.0
Fortified Husk Set,Chest,Fortified Husk Cuirass,4.0,25.0,42.0,6000.0,,,,,,,,,,,,4.0,,,,,,,,,,,,,67.0
Fortified Husk Set,Chest,Fortified Husk Cuirass,5.0,32.0,58.0,10000.0,,,,,,,,,,,,8.0,,,,,,,,,,,,,90.0
Fortified Husk Set,Chest,Fortified Husk Cuirass,6.0,40.0,75.0,15000.0,,2.0,,,,,,,,,,,,,,,,,,,,,,,115.0
Fortified Husk Set,Chest,Fortified Husk Cuirass,7.0,52.0,94.0,20000.0,,4.0,,,,,,,,,,,,,,,,,,,,,,,146.0
Fortified Husk Set,Chest,Fortified Husk Cuirass,8.0,60.0,108.0,25000.0,,5.0,,,,,20.0,,,,,,,,,,,,,,,,,,168.0
Fortified Husk Set,Chest,Fortified Husk Cuirass,9.0,68.0,122.0,35000.0,,,,,,,40.0,2.0,,,,,,,,,,,,,,,,,190.0
Fortified Husk Set,Chest,Fortified Husk Cuirass,9.1,76.0,137.0,37500.0,,,,,,,,,10.0,,,,,,,,,,,,,,,,213.0
Fortified Husk Set,Chest,Fortified Husk Cuirass,9.2,84.0,151.0,40000.0,,,,,,,10.0,,15.0,,,,,,,,,,,,,,,,235.0
Fortified Husk Set,Chest,Fortified Husk Cuirass,9.3,92.0,166.0,42500.0,,,,,,,,,30.0,20.0,,,,,,,,,,,,,,,258.0
Fortified Husk Set,Chest,Fortified Husk Cuirass,10.0,100.0,180.0,45000.0,,,,,,,,,50.0,,1.0,,,,,,,,,,,,,,280.0
Fortified Husk Set,Wrist,Fortified Husk Arm Guards,1.0,2.0,4.0,500.0,,,,,,,,,,,,,,,,,,,,,,,,,6.0
Fortified Husk Set,Wrist,Fortified Husk Arm Guards,2.0,11.0,7.0,600.0,3.0,,,,,,,,,,,,,,,,,,,,,,,,18.0
Fortified Husk Set,Wrist,Fortified Husk Arm Guards,3.0,19.0,10.0,1200.0,5.0,,,,,,,,,,,,,,,,,,,,,,,,29.0
Fortified Husk Set,Wrist,Fortified Husk Arm Guards,4.0,28.0,14.0,4000.0,,,,,,,,,,,,2.0,,,,,,,,,,,,,42.0
Fortified Husk Set,Wrist,Fortified Husk Arm Guards,5.0,36.0,20.0,6500.0,,,,,,,,,,,,4.0,,,,,,,,,,,,,56.0
Fortified Husk Set,Wrist,Fortified Husk Arm Guards,6.0,45.0,27.0,10000.0,,1.0,,,,,,,,,,,,,,,,,,,,,,,72.0
Fortified Husk Set,Wrist,Fortified Husk Arm Guards,7.0,56.0,35.0,13500.0,,2.0,,,,,,,,,,,,,,,,,,,,,,,91.0
Fortified Husk Set,Wrist,Fortified Husk Arm Guards,8.0,65.0,40.0,16500.0,,3.0,,,,,10.0,,,,,,,,,,,,,,,,,,105.0
Fortified Husk Set,Wrist,Fortified Husk Arm Guards,9.0,74.0,45.0,25000.0,,,,,,,20.0,,,,,,5.0,,,,,,,,,,,,119.0
Fortified Husk Set,Wrist,Fortified Husk Arm Guards,9.1,83.0,50.0,27500.0,,,,,,,,,5.0,,,,,,,,,,,,,,,,133.0
Fortified Husk Set,Wrist,Fortified Husk Arm Guards,9.2,92.0,55.0,30000.0,,,,,,,5.0,,10.0,,,,,,,,,,,,,,,,147.0
Fortified Husk Set,Wrist,Fortified Husk Arm Guards,9.3,101.0,60.0,32500.0,,,,,,,,,20.0,10.0,,,,,,,,,,,,,,,161.0
Fortified Husk Set,Wrist,Fortified Husk Arm Guards,10.0,110.0,65.0,35000.0,,,,,,,,,30.0,,1.0,,,,,,,,,,,,,,175.0
Fortified Husk Set,Waist,Fortified Husk Girdle,1.0,,6.0,500.0,,,,,,,,,,,,,,,,,,,,,,,,,6.0
Fortified Husk Set,Waist,Fortified Husk Girdle,2.0,,17.0,600.0,3.0,,,,,,,,,,,,,,,,,,,,,,,,17.0
Fortified Husk Set,Waist,Fortified Husk Girdle,3.0,,29.0,1200.0,5.0,,,,,,,,,,,,,,,,,,,,,,,,29.0
Fortified Husk Set,Waist,Fortified Husk Girdle,4.0,,42.0,4000.0,,,,,,,,,,,,2.0,,,,,,,,,,,,,42.0
Fortified Husk Set,Waist,Fortified Husk Girdle,5.0,,56.0,6500.0,,,,,,,,,,,,4.0,,,,,,,,,,,,,56.0
Fortified Husk Set,Waist,Fortified Husk Girdle,6.0,,72.0,10000.0,,1.0,,,,,,,,,,,,,,,,,,,,,,,72.0
Fortified Husk Set,Waist,Fortified Husk Girdle,7.0,,91.0,13500.0,,2.0,,,,,,,,,,,,,,,,,,,,,,,91.0
Fortified Husk Set,Waist,Fortified Husk Girdle,8.0,,105.0,16500.0,,3.0,,,,,10.0,,,,,,,,,,,,,,,,,,105.0
Fortified Husk Set,Waist,Fortified Husk Girdle,9.0,,119.0,25000.0,,,,,,,20.0,,,,,,,10.0,,,,,,,,,,,119.0
Fortified Husk Set,Waist,Fortified Husk Girdle,9.1,,133.0,27500.0,,,,,,,,,5.0,,,,,,,,,,,,,,,,133.0
Fortified Husk Set,Waist,Fortified Husk Girdle,9.2,,147.0,30000.0,,,,,,,5.0,,10.0,,,,,,,,,,,,,,,,147.0
Fortified Husk Set,Waist,Fortified Husk Girdle,9.3,,161.0,32500.0,,,,,,,,,20.0,10.0,,,,,,,,,,,,,,,161.0
Fortified Husk Set,Waist,Fortified Husk Girdle,10.0,,175.0,35000.0,,,,,,,,,30.0,,1.0,,,,,,,,,,,,,,175.0
Vidar's Set,Chest,Vidar's Pauldron of Might,1.0,5.0,3.0,500.0,,,,,,,,,,,,,,,,,,,,,,,,,8.0
Vidar's Set,Chest,Vidar's Pauldron of Might,2.0,16.0,11.0,1000.0,5.0,,,,,,,,,,,,,,,,,,,,,,,,27.0
Vidar's Set,Chest,Vidar's Pauldron of Might,3.0,26.0,18.0,2000.0,10.0,,,,,,,,,,,,,,,,,,,,,,,,44.0
Vidar's Set,Chest,Vidar's Pauldron of Might,4.0,39.0,25.0,6000.0,,,,,,,,,,,,4.0,,,,,,,,,,,,,64.0
Vidar's Set,Chest,Vidar's Pauldron of Might,5.0,54.0,32.0,10000.0,,,,,,,,,,,,8.0,,,,,,,,,,,,,86.0
Vidar's Set,Chest,Vidar's Pauldron of Might,6.0,70.0,40.0,15000.0,,2.0,,,,,,,,,,,,,,,,,,,,,,,110.0
Vidar's Set,Chest,Vidar's Pauldron of Might,7.0,88.0,52.0,20000.0,,4.0,,,,,,,,,,,,,,,,,,,,,,,140.0
Vidar's Set,Chest,Vidar's Pauldron of Might,8.0,102.0,60.0,25000.0,,5.0,,,,,20.0,,,,,,,,,,,,,,,,,,162.0
Vidar's Set,Chest,Vidar's Pauldron of Might,9.0,116.0,68.0,35000.0,,,,,,,40.0,2.0,,,,,,,,,,,,,,,,,184.0
Vidar's Set,Wrist,Vidar's Bracers of Might,1.0,5.0,,500.0,,,,,,,,,,,,,,,,,,,,,,,,,5.0
Vidar's Set,Wrist,Vidar's Bracers of Might,2.0,17.0,,600.0,3.0,,,,,,,,,,,,,,,,,,,,,,,,17.0
Vidar's Set,Wrist,Vidar's Bracers of Might,3.0,28.0,,1200.0,5.0,,,,,,,,,,,,,,,,,,,,,,,,28.0
Vidar's Set,Wrist,Vidar's Bracers of Might,4.0,40.0,,4000.0,,,,,,,,,,,,2.0,,,,,,,,,,,,,40.0
Vidar's Set,Wrist,Vidar's Bracers of Might,5.0,54.0,,6500.0,,,,,,,,,,,,4.0,,,,,,,,,,,,,54.0
Vidar's Set,Wrist,Vidar's Bracers of Might,6.0,69.0,,10000.0,,1.0,,,,,,,,,,,,,,,,,,,,,,,69.0
Vidar's Set,Wrist,Vidar's Bracers of Might,7.0,88.0,,13500.0,,2.0,,,,,,,,,,,,,,,,,,,,,,,88.0
Vidar's Set,Wrist,Vidar's Bracers of Might,8.0,101.0,,16500.0,,3.0,,,,,10.0,,,,,,,,,,,,,,,,,,101.0
Vidar's Set,Wrist,Vidar's Bracers of Might,9.0,115.0,,25000.0,,,,,,,20.0,,,,,,5.0,,,,,,,,,,,,115.0
Vidar's Set,Wrist,Vidar's Bracers of Might,9.1,128.0,,27500.0,,,,,,,,,5.0,,,,,,,,,,,,,,,,128.0
Vidar's Set,Wrist,Vidar's Bracers of Might,9.2,142.0,,30000.0,,,,,,,5.0,,10.0,,,,,,,,,,,,,,,,142.0
Vidar's Set,Wrist,Vidar's Bracers of Might,9.3,155.0,,32500.0,,,,,,,,,20.0,10.0,,,,,,,,,,,,,,,155.0
Vidar's Set,Wrist,Vidar's Bracers of Might,10.0,169.0,,35000.0,,,,,,,,,30.0,,1.0,,,,,,,,,,,,,,169.0
Vidar's Set,Waist,Vidar's Belt of Might,1.0,3.0,2.0,500.0,,,,,,,,,,,,,,,,,,,,,,,,,5.0
Vidar's Set,Waist,Vidar's Belt of Might,2.0,6.0,11.0,600.0,3.0,,,,,,,,,,,,,,,,,,,,,,,,17.0
Vidar's Set,Waist,Vidar's Belt of Might,3.0,8.0,19.0,1200.0,5.0,,,,,,,,,,,,,,,,,,,,,,,,27.0
Vidar's Set,Waist,Vidar's Belt of Might,4.0,13.0,28.0,4000.0,,,,,,,,,,,,2.0,,,,,,,,,,,,,41.0
Vidar's Set,Waist,Vidar's Belt of Might,5.0,18.0,36.0,6500.0,,,,,,,,,,,,4.0,,,,,,,,,,,,,54.0
Vidar's Set,Waist,Vidar's Belt of Might,6.0,24.0,45.0,10000.0,,1.0,,,,,,,,,,,,,,,,,,,,,,,69.0
Vidar's Set,Waist,Vidar's Belt of Might,7.0,31.0,56.0,13500.0,,2.0,,,,,,,,,,,,,,,,,,,,,,,87.0
Vidar's Set,Waist,Vidar's Belt of Might,8.0,36.0,65.0,16500.0,,3.0,,,,,10.0,,,,,,,,,,,,,,,,,,101.0
Vidar's Set,Waist,Vidar's Belt of Might,9.0,40.0,74.0,25000.0,,,,,,,20.0,,,,,,,10.0,,,,,,,,,,,114.0
Vidar's Set,Waist,Vidar's Belt of Might,9.1,45.0,83.0,27500.0,,,,,,,,,5.0,,,,,,,,,,,,,,,,128.0
Vidar's Set,Waist,Vidar's Belt of Might,9.2,49.0,92.0,30000.0,,,,,,,5.0,,10.0,,,,,,,,,,,,,,,,141.0
Vidar's Set,Waist,Vidar's Belt of Might,9.3,54.0,101.0,32500.0,,,,,,,,,20.0,10.0,,,,,,,,,,,,,,,155.0
Vidar's Set,Waist,Vidar's Belt of Might,10.0,58.0,110.0,35000.0,,,,,,,,,30.0,,1.0,,,,,,,,,,,,,,168.0
Black Bear Set,Chest,Cloak of the Black Bear,1.0,4.0,4.0,,,,,,,,,,,,,,,,,,,,,,,,,,8.0
Black Bear Set,Chest,Cloak of the Black Bear,2.0,13.0,13.0,1000.0,5.0,,,,,,,,,,,,,,,,,,,,,,,,26.0
Black Bear Set,Chest,Cloak of the Black Bear,3.0,24.0,24.0,2000.0,10.0,,,,8.0,,,,,,,,,,,,,,,,,,,,56.0
Black Bear Set,Chest,Cloak of the Black Bear,4.0,34.0,34.0,6000.0,,,,,11.0,,,,,,,4.0,,,,,,,,,,,,,79.0
Black Bear Set,Chest,Cloak of the Black Bear,5.0,43.0,43.0,10000.0,,,,,14.0,,,,,,,8.0,,,,,,,,,,,,,100.0
Black Bear Set,Chest,Cloak of the Black Bear,6.0,53.0,53.0,15000.0,,2.0,,,18.0,,,,,,,,,,,,,,,,,,,,124.0
Black Bear Set,Chest,Cloak of the Black Bear,7.0,62.0,62.0,20000.0,,4.0,,,21.0,,,,,,,,,,,,,,,,,,,,145.0
Black Bear Set,Chest,Cloak of the Black Bear,8.0,72.0,72.0,25000.0,,5.0,,,24.0,,20.0,,,,,,,,,,,,,,,,,,168.0
Black Bear Set,Chest,Cloak of the Black Bear,9.0,82.0,82.0,35000.0,,20.0,,,27.0,,40.0,,,,,,,,,,,,,,,,,,191.0
Black Bear Set,Chest,Cloak of the Black Bear,9.1,91.0,91.0,37500.0,,,,,30.0,,,,10.0,,,,,,,,,,,,,,,,212.0
Black Bear Set,Chest,Cloak of the Black Bear,9.2,101.0,101.0,40000.0,,,,,34.0,,10.0,,15.0,,,,,,,,,,,,,,,,236.0
Black Bear Set,Chest,Cloak of the Black Bear,9.3,110.0,110.0,42500.0,,,,,37.0,,,,30.0,20.0,,,,,,,,,,,,,,,257.0
Black Bear Set,Chest,Cloak of the Black Bear,10.0,120.0,120.0,45000.0,,,,,40.0,,,,50.0,,1.0,,,,,,,,,,,,,,280.0
Black Bear Set,Wrist,Wraps of the Black Bear,1.0,5.0,,,,,,,,,,,,,,,,,,,,,,,,,,,5.0
Black Bear Set,Wrist,Wraps of the Black Bear,2.0,14.0,2.0,600.0,3.0,,,,,,,,,,,,,,,,,,,,,,,,16.0
Black Bear Set,Wrist,Wraps of the Black Bear,3.0,25.0,5.0,1200.0,5.0,,,,5.0,,,,,,,,,,,,,,,,,,,,35.0
Black Bear Set,Wrist,Wraps of the Black Bear,4.0,35.0,7.0,4000.0,,,,,7.0,,,,,,,2.0,,,,,,,,,,,,,49.0
Black Bear Set,Wrist,Wraps of the Black Bear,5.0,45.0,9.0,6500.0,,,,,9.0,,,,,,,4.0,,,,,,,,,,,,,63.0
Black Bear Set,Wrist,Wraps of the Black Bear,6.0,55.0,11.0,10000.0,,1.0,,,11.0,,,,,,,,,,,,,,,,,,,,77.0
Black Bear Set,Wrist,Wraps of the Black Bear,7.0,6.0,13.0,13500.0,,2.0,,,13.0,,,,,,,,,,,,,,,,,,,,32.0
Black Bear Set,Wrist,Wraps of the Black Bear,8.0,75.0,15.0,16500.0,,,,,15.0,,10.0,,,,,,,,3.0,,,,,,,,,,105.0
Black Bear Set,Wrist,Wraps of the Black Bear,9.0,85.0,17.0,25000.0,,15.0,,,17.0,,20.0,,,,,,,,,,,,,,,,,,119.0
Black Bear Set,Wrist,Wraps of the Black Bear,9.1,95.0,19.0,27500.0,,,,,19.0,,,,5.0,,,,,,,,,,,,,,,,133.0
Black Bear Set,Wrist,Wraps of the Black Bear,9.2,105.0,21.0,30000.0,,,,,21.0,,5.0,,10.0,,,,,,,,,,,,,,,,147.0
Black Bear Set,Wrist,Wraps of the Black Bear,9.3,115.0,23.0,32500.0,,,,,23.0,,,,20.0,10.0,,,,,,,,,,,,,,,161.0
Black Bear Set,Wrist,Wraps of the Black Bear,10.0,125.0,25.0,35000.0,,,,,25.0,,,,30.0,,1.0,,,,,,,,,,,,,,175.0
Black Bear Set,Waist,Belt of the Black Bear,1.0,,5.0,,,,,,,,,,,,,,,,,,,,,,,,,,5.0
Black Bear Set,Waist,Belt of the Black Bear,2.0,2.0,14.0,600.0,3.0,,,,,,,,,,,,,,,,,,,,,,,,16.0
Black Bear Set,Waist,Belt of the Black Bear,3.0,5.0,25.0,1200.0,5.0,,,,5.0,,,,,,,,,,,,,,,,,,,,35.0
Black Bear Set,Waist,Belt of the Black Bear,4.0,7.0,35.0,4000.0,,,,,7.0,,,,,,,2.0,,,,,,,,,,,,,49.0
Black Bear Set,Waist,Belt of the Black Bear,5.0,9.0,15.0,6500.0,,,,,9.0,,,,,,,4.0,,,,,,,,,,,,,33.0
Black Bear Set,Waist,Belt of the Black Bear,6.0,11.0,55.0,10000.0,,1.0,,,11.0,,,,,,,,,,,,,,,,,,,,77.0
Black Bear Set,Waist,Belt of the Black Bear,7.0,13.0,65.0,13500.0,,2.0,,,13.0,,,,,,,,,,,,,,,,,,,,91.0
Black Bear Set,Waist,Belt of the Black Bear,8.0,15.0,75.0,16500.0,,,,,15.0,,10.0,,,,,,,,3.0,,,,,,,,,,105.0
Black Bear Set,Waist,Belt of the Black Bear,9.0,17.0,85.0,25000.0,,,,,17.0,,20.0,,,,,,,,15.0,,,,,,,,,,119.0
Black Bear Set,Waist,Belt of the Black Bear,9.1,19.0,95.0,27500.0,,,,,19.0,,,,5.0,,,,,,,,,,,,,,,,133.0
Black Bear Set,Waist,Belt of the Black Bear,9.2,21.0,105.0,30000.0,,,,,21.0,,5.0,,10.0,,,,,,,,,,,,,,,,147.0
Black Bear Set,Waist,Belt of the Black Bear,9.3,23.0,115.0,32500.0,,,,,23.0,,,,20.0,10.0,,,,,,,,,,,,,,,161.0
Black Bear Set,Waist,Belt of the Black Bear,10.0,25.0,125.0,35000.0,,,,,25.0,,,,30.0,,1.0,,,,,,,,,,,,,,175.0
Risen Snow Set,Chest,Risen Snow Breastplate,1.0,4.0,4.0,,,,,,,1.0,,,,,,,,,,,,,,,,,,,9.0
Risen Snow Set,Chest,Risen Snow Breastplate,2.0,12.0,12.0,1000.0,5.0,,,,,2.0,,,,,,,,,,,,,,,,,,,26.0
Risen Snow Set,Chest,Risen Snow Breastplate,3.0,20.0,20.0,2000.0,10.0,,,,6.0,6.0,,,,,,,,,,,,,,,,,,,52.0
Risen Snow Set,Chest,Risen Snow Breastplate,4.0,28.0,28.0,6000.0,,,,,8.0,8.0,,,,,,,,,,4.0,,,,,,,,,72.0
Risen Snow Set,Chest,Risen Snow Breastplate,5.0,36.0,36.0,10000.0,,,,,14.0,14.0,,,,,,8.0,,,,,,,,,,,,,100.0
Risen Snow Set,Chest,Risen Snow Breastplate,6.0,44.0,44.0,15000.0,,2.0,,,18.0,18.0,,,,,,,,,,,,,,,,,,,124.0
Risen Snow Set,Chest,Risen Snow Breastplate,7.0,52.0,52.0,20000.0,,4.0,,,26.0,26.0,,,,,,,,,,,,,,,,,,,156.0
Risen Snow Set,Chest,Risen Snow Breastplate,8.0,60.0,60.0,25000.0,,5.0,,,3.0,30.0,20.0,,,,,,,,,,,,,,,,,,153.0
Risen Snow Set,Chest,Risen Snow Breastplate,9.0,68.0,68.0,35000.0,,,,,34.0,34.0,4.0,2.0,,,,,,,,,,,,,,,,,204.0
Risen Snow Set,Chest,Risen Snow Breastplate,9.1,76.0,76.0,37500.0,,,,,38.0,38.0,,,10.0,,,,,,,,,,,,,,,,228.0
Risen Snow Set,Chest,Risen Snow Breastplate,9.2,84.0,84.0,40000.0,,,,,42.0,42.0,10.0,,15.0,,,,,,,,,,,,,,,,252.0
Risen Snow Set,Chest,Risen Snow Breastplate,9.3,92.0,92.0,42500.0,,,,,46.0,46.0,,,30.0,20.0,,,,,,,,,,,,,,,276.0
Risen Snow Set,Chest,Risen Snow Breastplate,10.0,100.0,100.0,45000.0,,,,,50.0,50.0,,,50.0,,1.0,,,,,,,,,,,,,,300.0
Risen Snow Set,Wrist,Risen Snow Gauntlets,1.0,5.0,,,,,,,,1.0,,,,,,,,,,,,,,,,,,,6.0
Risen Snow Set,Wrist,Risen Snow Gauntlets,2.0,15.0,,600.0,3.0,,,,,2.0,,,,,,,,,,,,,,,,,,,17.0
Risen Snow Set,Wrist,Risen Snow Gauntlets,3.0,25.0,,1200.0,5.0,,,,4.0,4.0,,,,,,,,,,,,,,,,,,,33.0
Risen Snow Set,Wrist,Risen Snow Gauntlets,4.0,35.0,,4000.0,,,,,5.0,5.0,,,,,,2.0,,,,,,,,,,,,,45.0
Risen Snow Set,Wrist,Risen Snow Gauntlets,5.0,45.0,,6500.0,,,,,9.0,9.0,,,,,,4.0,,,,,,,,,,,,,63.0
Risen Snow Set,Wrist,Risen Snow Gauntlets,6.0,55.0,,10000.0,,1.0,,,11.0,11.0,,,,,,,,,,,,,,,,,,,77.0
Risen Snow Set,Wrist,Risen Snow Gauntlets,7.0,65.0,,13500.0,,2.0,,,16.0,16.0,,,,,,,,,,,,,,,,,,,97.0
Risen Snow Set,Wrist,Risen Snow Gauntlets,8.0,75.0,,16500.0,,3.0,,,19.0,19.0,10.0,,,,,,,,,,,,,,,,,,113.0
Risen Snow Set,Wrist,Risen Snow Gauntlets,9.0,85.0,,25000.0,,,,,21.0,21.0,20.0,,,,,,5.0,,,,,,,,,,,,127.0
Risen Snow Set,Wrist,Risen Snow Gauntlets,9.1,95.0,,27500.0,,,,,24.0,24.0,,,5.0,,,,,,,,,,,,,,,,143.0
Risen Snow Set,Wrist,Risen Snow Gauntlets,9.2,105.0,,30000.0,,,,,26.0,26.0,5.0,,10.0,,,,,,,,,,,,,,,,157.0
Risen Snow Set,Wrist,Risen Snow Gauntlets,9.3,115.0,,32500.0,,,,,29.0,29.0,,,20.0,10.0,,,,,,,,,,,,,,,173.0
Risen Snow Set,Wrist,Risen Snow Gauntlets,10.0,125.0,,35000.0,,,,,31.0,31.0,,,30.0,,1.0,,,,,,,,,,,,,,187.0
Risen Snow Set,Waist,Risen Snow Girdle,1.0,5.0,,,,,,,,1.0,,,,,,,,,,,,,,,,,,,6.0
Risen Snow Set,Waist,Risen Snow Girdle,2.0,15.0,,600.0,3.0,,,,,2.0,,,,,,,,,,,,,,,,,,,17.0
Risen Snow Set,Waist,Risen Snow Girdle,3.0,25.0,,1200.0,5.0,,,,4.0,4.0,,,,,,,,,,,,,,,,,,,33.0
Risen Snow Set,Waist,Risen Snow Girdle,4.0,35.0,,4000.0,,,,,5.0,5.0,,,,,,2.0,,,,,,,,,,,,,45.0
Risen Snow Set,Waist,Risen Snow Girdle,5.0,45.0,,6500.0,,,,,9.0,9.0,,,,,,4.0,,,,,,,,,,,,,63.0
Risen Snow Set,Waist,Risen Snow Girdle,6.0,55.0,,10000.0,,1.0,,,11.0,11.0,,,,,,,,,,,,,,,,,,,77.0
Risen Snow Set,Waist,Risen Snow Girdle,7.0,65.0,,13500.0,,2.0,,,16.0,16.0,,,,,,,,,,,,,,,,,,,97.0
Risen Snow Set,Waist,Risen Snow Girdle,8.0,75.0,,16500.0,,3.0,,,19.0,19.0,10.0,,,,,,,,,,,,,,,,,,113.0
Risen Snow Set,Waist,Risen Snow Girdle,9.0,85.0,,25000.0,,,,,21.0,21.0,20.0,,,,,,,10.0,,,,,,,,,,,127.0
Risen Snow Set,Waist,Risen Snow Girdle,9.1,95.0,,27500.0,,,,,24.0,24.0,,,5.0,,,,,,,,,,,,,,,,143.0
Risen Snow Set,Waist,Risen Snow Girdle,9.2,105.0,,30000.0,,,,,26.0,26.0,5.0,,10.0,,,,,,,,,,,,,,,,157.0
Risen Snow Set,Waist,Risen Snow Girdle,9.3,115.0,,32500.0,,,,,29.0,29.0,,,20.0,10.0,,,,,,,,,,,,,,,173.0
Risen Snow Set,Waist,Risen Snow Girdle,10.0,125.0,,35000.0,,,,,31.0,31.0,,,30.0,,1.0,,,,,,,,,,,,,,187.0
Darkdale Set,Chest,Darkdale Plackart,1.0,4.0,4.0,,,,1.0,,,,,,,,,,,,,,,,,,,,,,9.0
Darkdale Set,Chest,Darkdale Plackart,2.0,12.0,12.0,1000.0,5.0,,2.0,,,,,,,,,,,,,,,,,,,,,,26.0
Darkdale Set,Chest,Darkdale Plackart,3.0,20.0,20.0,2000.0,10.0,,6.0,6.0,,,,,,,,,,,,,,,,,,,,,52.0
Darkdale Set,Chest,Darkdale Plackart,4.0,28.0,28.0,6000.0,,,8.0,8.0,,,,,,,,4.0,,,,,,,,,,,,,72.0
Darkdale Set,Chest,Darkdale Plackart,5.0,36.0,36.0,10000.0,,,14.0,14.0,,,,,,,,8.0,,,,,,,,,,,,,100.0
Darkdale Set,Chest,Darkdale Plackart,6.0,44.0,44.0,15000.0,,,18.0,18.0,,,,,,,,,,,2.0,,,,,,,,,,124.0
Darkdale Set,Chest,Darkdale Plackart,7.0,52.0,52.0,20000.0,,,26.0,26.0,,,,,,,,,,,4.0,,,,,,,,,,156.0
Darkdale Set,Chest,Darkdale Plackart,8.0,60.0,60.0,25000.0,,,30.0,30.0,,,20.0,,,,,,,,5.0,,,,,,,,,,180.0
Darkdale Set,Chest,Darkdale Plackart,9.0,68.0,68.0,35000.0,,,34.0,34.0,,,40.0,,,2.0,,,,,,,,,,,,,,,204.0
Darkdale Set,Chest,Darkdale Plackart,9.1,76.0,76.0,37500.0,,,38.0,38.0,,,,,10.0,,,,,,,,,,,,,,,,228.0
Darkdale Set,Chest,Darkdale Plackart,9.2,84.0,84.0,40000.0,,,42.0,42.0,,,10.0,,15.0,,,,,,,,,,,,,,,,252.0
Darkdale Set,Chest,Darkdale Plackart,9.3,92.0,92.0,42500.0,,,46.0,46.0,,,,,30.0,20.0,,,,,,,,,,,,,,,276.0
Darkdale Set,Chest,Darkdale Plackart,10.0,100.0,100.0,45000.0,,,50.0,50.0,,,,,50.0,,1.0,,,,,,,,,,,,,,300.0
Darkdale Set,Wrist,Darkdale Arm Guards,1.0,5.0,,,,,1.0,,,,,,,,,,,,,,,,,,,,,,6.0
Darkdale Set,Wrist,Darkdale Arm Guards,2.0,15.0,,600.0,3.0,,2.0,,,,,,,,,,,,,,,,,,,,,,17.0
Darkdale Set,Wrist,Darkdale Arm Guards,3.0,25.0,,1200.0,5.0,,4.0,4.0,,,,,,,,,,,,,,,,,,,,,33.0
Darkdale Set,Wrist,Darkdale Arm Guards,4.0,35.0,,4000.0,,,5.0,5.0,,,,,,,,2.0,,,,,,,,,,,,,45.0
Darkdale Set,Wrist,Darkdale Arm Guards,5.0,45.0,,6500.0,,,9.0,9.0,,,,,,,,4.0,,,,,,,,,,,,,63.0
Darkdale Set,Wrist,Darkdale Arm Guards,6.0,55.0,,10000.0,,,11.0,11.0,,,,,,,,,,,1.0,,,,,,,,,,77.0
Darkdale Set,Wrist,Darkdale Arm Guards,7.0,65.0,,13500.0,,,16.0,16.0,,,,,,,,,,,2.0,,,,,,,,,,97.0
Darkdale Set,Wrist,Darkdale Arm Guards,8.0,75.0,,16500.0,,,19.0,19.0,,,10.0,,,,,,,,3.0,,,,,,,,,,113.0
Darkdale Set,Wrist,Darkdale Arm Guards,9.0,85.0,,25000.0,,,21.0,21.0,,,20.0,,,,,,5.0,,,,,,,,,,,,127.0
Darkdale Set,Wrist,Darkdale Arm Guards,9.1,95.0,,27500.0,,,24.0,24.0,,,,,5.0,,,,,,,,,,,,,,,,143.0
Darkdale Set,Wrist,Darkdale Arm Guards,9.2,105.0,,30000.0,,,26.0,26.0,,,5.0,,10.0,,,,,,,,,,,,,,,,157.0
Darkdale Set,Wrist,Darkdale Arm Guards,9.3,115.0,,32500.0,,,29.0,29.0,,,,,20.0,10.0,,,,,,,,,,,,,,,173.0
Darkdale Set,Wrist,Darkdale Arm Guards,10.0,125.0,,35000.0,,,31.0,31.0,,,,,30.0,,1.0,,,,,,,,,,,,,,187.0
Darkdale Set,Waist,Darkdale Waist Guard,1.0,5.0,,,,,1.0,,,,,,,,,,,,,,,,,,,,,,6.0
Darkdale Set,Waist,Darkdale Waist Guard,2.0,15.0,,600.0,3.0,,2.0,,,,,,,,,,,,,,,,,,,,,,17.0
Darkdale Set,Waist,Darkdale Waist Guard,3.0,25.0,,1200.0,5.0,,4.0,4.0,,,,,,,,,,,,,,,,,,,,,33.0
Darkdale Set,Waist,Darkdale Waist Guard,4.0,35.0,,4000.0,,,5.0,5.0,,,,,,,,2.0,,,,,,,,,,,,,45.0
Darkdale Set,Waist,Darkdale Waist Guard,5.0,45.0,,6500.0,,,9.0,9.0,,,,,,,,4.0,,,,,,,,,,,,,63.0
Darkdale Set,Waist,Darkdale Waist Guard,6.0,55.0,,10000.0,,,11.0,11.0,,,,,,,,,,,1.0,,,,,,,,,,77.0
Darkdale Set,Waist,Darkdale Waist Guard,7.0,65.0,,13500.0,,,16.0,16.0,,,,,,,,,,,2.0,,,,,,,,,,97.0
Darkdale Set,Waist,Darkdale Waist Guard,8.0,75.0,,16500.0,,,19.0,19.0,,,10.0,,,,,,,,3.0,,,,,,,,,,113.0
Darkdale Set,Waist,Darkdale Waist Guard,9.0,85.0,,25000.0,,,21.0,21.0,,,20.0,,,,,,10.0,,,,,,,,,,,,127.0
Darkdale Set,Waist,Darkdale Waist Guard,9.1,95.0,,27500.0,,,24.0,24.0,,,,,5.0,,,,,,,,,,,,,,,,143.0
Darkdale Set,Waist,Darkdale Waist Guard,9.2,105.0,,30000.0,,,26.0,26.0,,,5.0,,10.0,,,,,,,,,,,,,,,,157.0
Darkdale Set,Waist,Darkdale Waist Guard,9.3,115.0,,32500.0,,,29.0,29.0,,,,,20.0,10.0,,,,,,,,,,,,,,,173.0
Darkdale Set,Waist,Darkdale Waist Guard,10.0,125.0,,35000.0,,,31.0,31.0,,,,,30.0,,1.0,,,,,,,,,,,,,,187.0
Nidavellir's Finest Set,Chest,Nidavellir's Finest Plackart,2.0,10.0,10.0,,,,,10.0,,,,,,,,,,,,,2.0,,,,,,,,30.0
Nidavellir's Finest Set,Chest,Nidavellir's Finest Plackart,3.0,16.0,20.0,2000.0,13.0,,,16.0,,,,,,,,,,,,,,,,,,,,,52.0
Nidavellir's Finest Set,Chest,Nidavellir's Finest Plackart,4.0,22.0,34.0,6000.0,,,,22.0,,,,,,,,4.0,,,,,,,,,,,,,78.0
Nidavellir's Finest Set,Chest,Nidavellir's Finest Plackart,5.0,29.0,50.0,10000.0,,,,29.0,,,,,,,,8.0,,,,,,,,,,,,,108.0
Nidavellir's Finest Set,Chest,Nidavellir's Finest Plackart,6.0,35.0,62.0,15000.0,,2.0,,35.0,,,,,,,,,,,,,,,,,,,,,132.0
Nidavellir's Finest Set,Chest,Nidavellir's Finest Plackart,7.0,42.0,73.0,20000.0,,4.0,,42.0,,,,,,,,,,,,,,,,,,,,,157.0
Nidavellir's Finest Set,Chest,Nidavellir's Finest Plackart,8.0,48.0,84.0,25000.0,,5.0,,48.0,,,,,,,,,,,,,,20.0,,,,,,,180.0
Nidavellir's Finest Set,Chest,Nidavellir's Finest Plackart,9.0,54.0,95.0,35000.0,,,,54.0,,,,2.0,,,,,,,,,,40.0,,,,,,,203.0
Nidavellir's Finest Set,Chest,Nidavellir's Finest Plackart,9.1,61.0,106.0,37500.0,,,,61.0,,,,,10.0,,,,,,,,,,,,,,,,228.0
Nidavellir's Finest Set,Chest,Nidavellir's Finest Plackart,9.2,67.0,118.0,40000.0,,,,67.0,,,10.0,,15.0,,,,,,,,,,,,,,,,252.0
Nidavellir's Finest Set,Chest,Nidavellir's Finest Plackart,9.3,74.0,129.0,42500.0,,,,74.0,,,,,30.0,20.0,,,,,,,,,,,,,,,277.0
Nidavellir's Finest Set,Chest,Nidavellir's Finest Plackart,10.0,80.0,140.0,45000.0,,,,80.0,,,,,50.0,,1.0,,,,,,,,,,,,,,300.0
Nidavellir's Finest Set,Wrist,Nidavellir's Finest Arm Guards,2.0,12.0,,,,,,6.0,,,,,,,,,,,,,2.0,,,,,,,,18.0
Nidavellir's Finest Set,Wrist,Nidavellir's Finest Arm Guards,3.0,23.0,,1200.0,6.0,,,10.0,,,,,,,,,,,,,,,,,,,,,33.0
Nidavellir's Finest Set,Wrist,Nidavellir's Finest Arm Guards,4.0,28.0,7.0,4000.0,,,,14.0,,,,,,,,2.0,,,,,,,,,,,,,49.0
Nidavellir's Finest Set,Wrist,Nidavellir's Finest Arm Guards,5.0,36.0,14.0,6500.0,,,,18.0,,,,,,,,4.0,,,,,,,,,,,,,68.0
Nidavellir's Finest Set,Wrist,Nidavellir's Finest Arm Guards,6.0,44.0,17.0,10000.0,,1.0,,22.0,,,,,,,,,,,,,,,,,,,,,83.0
Nidavellir's Finest Set,Wrist,Nidavellir's Finest Arm Guards,7.0,52.0,20.0,13500.0,,2.0,,26.0,,,,,,,,,,,,,,,,,,,,,98.0
Nidavellir's Finest Set,Wrist,Nidavellir's Finest Arm Guards,8.0,60.0,23.0,16500.0,,3.0,,30.0,,,,,,,,,,,,,,10.0,,,,,,,113.0
Nidavellir's Finest Set,Wrist,Nidavellir's Finest Arm Guards,9.0,68.0,26.0,25000.0,,,,34.0,,,,,,,,,5.0,,,,,20.0,,,,,,,128.0
Nidavellir's Finest Set,Wrist,Nidavellir's Finest Arm Guards,9.1,76.0,29.0,27500.0,,,,38.0,,,,,5.0,,,,,,,,,,,,,,,,143.0
Nidavellir's Finest Set,Wrist,Nidavellir's Finest Arm Guards,9.2,84.0,32.0,30000.0,,,,42.0,,,5.0,,10.0,,,,,,,,,,,,,,,,158.0
Nidavellir's Finest Set,Wrist,Nidavellir's Finest Arm Guards,9.3,92.0,35.0,32500.0,,,,45.0,,,,,20.0,10.0,,,,,,,,,,,,,,,172.0
Nidavellir's Finest Set,Wrist,Nidavellir's Finest Arm Guards,10.0,100.0,38.0,35000.0,,,,50.0,,,,,30.0,,1.0,,,,,,,,,,,,,,188.0
Nidavellir's Finest Set,Waist,Nidavellir's Finest Waist Guard,2.0,,12.0,,,,,6.0,,,,,,,,,,,,,2.0,,,,,,,,18.0
Nidavellir's Finest Set,Waist,Nidavellir's Finest Waist Guard,3.0,23.0,,1200.0,6.0,,,10.0,,,,,,,,,,,,,,,,,,,,,33.0
Nidavellir's Finest Set,Waist,Nidavellir's Finest Waist Guard,4.0,,35.0,4000.0,,,,14.0,,,,,,,,2.0,,,,,,,,,,,,,49.0
Nidavellir's Finest Set,Waist,Nidavellir's Finest Waist Guard,5.0,,50.0,6500.0,,,,18.0,,,,,,,,4.0,,,,,,,,,,,,,68.0
Nidavellir's Finest Set,Waist,Nidavellir's Finest Waist Guard,6.0,,61.0,10000.0,,1.0,,22.0,,,,,,,,,,,,,,,,,,,,,83.0
Nidavellir's Finest Set,Waist,Nidavellir's Finest Waist Guard,7.0,,72.0,13500.0,,2.0,,26.0,,,,,,,,,,,,,,,,,,,,,98.0
Nidavellir's Finest Set,Waist,Nidavellir's Finest Waist Guard,8.0,,83.0,16500.0,,3.0,,30.0,,,,,,,,,,,,,,10.0,,,,,,,113.0
Nidavellir's Finest Set,Waist,Nidavellir's Finest Waist Guard,9.0,,94.0,25000.0,,,,34.0,,,,,,,,,,10.0,,,,20.0,,,,,,,128.0
Nidavellir's Finest Set,Waist,Nidavellir's Finest Waist Guard,9.1,,105.0,27500.0,,,,38.0,,,,,5.0,,,,,,,,,,,,,,,,143.0
Nidavellir's Finest Set,Waist,Nidavellir's Finest Waist Guard,9.2,,116.0,30000.0,,,,42.0,,,5.0,,10.0,,,,,,,,,,,,,,,,158.0
Nidavellir's Finest Set,Waist,Nidavellir's Finest Waist Guard,9.3,,127.0,32500.0,,,,46.0,,,,,20.0,10.0,,,,,,,,,,,,,,,173.0
Nidavellir's Finest Set,Waist,Nidavellir's Finest Waist Guard,10.0,,138.0,35000.0,,,,50.0,,,,,30.0,,1.0,,,,,,,,,,,,,,188.0
Enlightenment Set,Chest,Spaulders of Enlightenment,3.0,12.0,20.0,2800.0,,,20.0,,,,,,,,,,,,,,,,,,,,,,52.0
Enlightenment Set,Chest,Spaulders of Enlightenment,4.0,20.0,28.0,6000.0,,,28.0,,,,,,,,,4.0,,,,,,,,,,,,,76.0
Enlightenment Set,Chest,Spaulders of Enlightenment,5.0,25.0,36.0,10000.0,,,36.0,,,,,,,,,8.0,,,,,,,,,,,,,97.0
Enlightenment Set,Chest,Spaulders of Enlightenment,6.0,35.0,44.0,15000.0,,2.0,44.0,,,,,,,,,,,,,,,,,,,,,,123.0
Enlightenment Set,Chest,Spaulders of Enlightenment,7.0,42.0,52.0,20000.0,,4.0,52.0,,,,,,,,,,,,,,,,,,,,,,146.0
Enlightenment Set,Chest,Spaulders of Enlightenment,8.0,48.0,60.0,25000.0,,5.0,60.0,,,,20.0,,,,,,,,,,,,,,,,,,168.0
Enlightenment Set,Chest,Spaulders of Enlightenment,9.0,54.0,68.0,35000.0,,,68.0,,,,40.0,2.0,,,,,,,,,,,,,,,,,190.0
Enlightenment Set,Chest,Spaulders of Enlightenment,9.1,61.0,76.0,37500.0,,,76.0,,,,,,10.0,,,,,,,,,,,,,,,,213.0
Enlightenment Set,Chest,Spaulders of Enlightenment,9.2,67.0,84.0,40000.0,,,84.0,,,,10.0,,15.0,,,,,,,,,,,,,,,,235.0
Enlightenment Set,Chest,Spaulders of Enlightenment,9.3,74.0,92.0,42500.0,,,92.0,,,,,,30.0,20.0,,,,,,,,,,,,,,,258.0
Enlightenment Set,Chest,Spaulders of Enlightenment,10.0,80.0,100.0,45000.0,,,100.0,,,,,,50.0,,1.0,,,,,,,,,,,,,,280.0
Enlightenment Set,Wrist,Bracers of Enlightenment,3.0,12.0,,1800.0,,,20.0,,,,,,,,,,,,,,,,,,,,,,32.0
Enlightenment Set,Wrist,Bracers of Enlightenment,4.0,30.0,,4000.0,,,18.0,,,,,,,,,2.0,,,,,,,,,,,,,48.0
Enlightenment Set,Wrist,Bracers of Enlightenment,5.0,38.0,,6500.0,,,23.0,,,,,,,,,4.0,,,,,,,,,,,,,61.0
Enlightenment Set,Wrist,Bracers of Enlightenment,6.0,50.0,,10000.0,,1.0,28.0,,,,,,,,,,,,,,,,,,,,,,78.0
Enlightenment Set,Wrist,Bracers of Enlightenment,7.0,59.0,,13500.0,,2.0,33.0,,,,,,,,,,,,,,,,,,,,,,92.0
Enlightenment Set,Wrist,Bracers of Enlightenment,8.0,68.0,,16500.0,,3.0,38.0,,,,10.0,,,,,,,,,,,,,,,,,,106.0
Enlightenment Set,Wrist,Bracers of Enlightenment,9.0,77.0,,35000.0,,,43.0,,,,20.0,,,,,,5.0,,,,,,,,,,,,120.0
Enlightenment Set,Wrist,Bracers of Enlightenment,9.1,86.0,,27500.0,,,48.0,,,,,,5.0,,,,,,,,,,,,,,,,134.0
Enlightenment Set,Wrist,Bracers of Enlightenment,9.2,95.0,,30000.0,,,53.0,,,,5.0,,10.0,,,,,,,,,,,,,,,,148.0
Enlightenment Set,Wrist,Bracers of Enlightenment,9.3,104.0,,32500.0,,,58.0,,,,,,20.0,10.0,,,,,,,,,,,,,,,162.0
Enlightenment Set,Wrist,Bracers of Enlightenment,10.0,113.0,,35000.0,,,63.0,,,,,,30.0,,1.0,,,,,,,,,,,,,,176.0
Enlightenment Set,Waist,Belt of Enlightenment,3.0,,20.0,1800.0,,,13.0,,,,,,,,,,,,,,,,,,,,,,33.0
Enlightenment Set,Waist,Belt of Enlightenment,4.0,,30.0,4000.0,,,18.0,,,,,,,,,2.0,,,,,,,,,,,,,48.0
Enlightenment Set,Waist,Belt of Enlightenment,5.0,,38.0,6500.0,,,23.0,,,,,,,,,4.0,,,,,,,,,,,,,61.0
Enlightenment Set,Waist,Belt of Enlightenment,6.0,,50.0,10000.0,,1.0,28.0,,,,,,,,,,,,,,,,,,,,,,78.0
Enlightenment Set,Waist,Belt of Enlightenment,7.0,,59.0,13500.0,,2.0,33.0,,,,,,,,,,,,,,,,,,,,,,92.0
Enlightenment Set,Waist,Belt of Enlightenment,8.0,,68.0,16500.0,,3.0,38.0,,,,10.0,,,,,,,,,,,,,,,,,,106.0
Enlightenment Set,Waist,Belt of Enlightenment,9.0,,77.0,25000.0,,,43.0,,,,20.0,,,,,,,10.0,,,,,,,,,,,120.0
Enlightenment Set,Waist,Belt of Enlightenment,9.1,,86.0,27500.0,,,48.0,,,,,,5.0,,,,,,,,,,,,,,,,134.0
Enlightenment Set,Waist,Belt of Enlightenment,9.2,,95.0,30000.0,,,53.0,,,,5.0,,10.0,,,,,,,,,,,,,,,,148.0
Enlightenment Set,Waist,Belt of Enlightenment,9.3,,104.0,32500.0,,,58.0,,,,,,20.0,10.0,,,,,,,,,,,,,,,162.0
Enlightenment Set,Waist,Belt of Enlightenment,10.0,,113.0,35000.0,,,63.0,,,,,,30.0,,1.0,,,,,,,,,,,,,,176.0
Raven Tears Set,Chest,Cuirass of Raven Tears,3.0,14.0,32.0,,,,,,,14.0,,,,,,,,,,,,,,,,,,,60.0
Raven Tears Set,Chest,Cuirass of Raven Tears,4.0,20.0,45.0,6000.0,4.0,,,,,20.0,,,,,,,,,,,,,,,,,,,85.0
Raven Tears Set,Chest,Cuirass of Raven Tears,5.0,25.0,58.0,10000.0,8.0,,,,,25.0,,,,,,,,,,,,,,,,,,,108.0
Raven Tears Set,Chest,Cuirass of Raven Tears,6.0,31.0,70.0,15000.0,,2.0,,,,31.0,,,,,,,,,,,,,,,,,,,132.0
Raven Tears Set,Chest,Cuirass of Raven Tears,7.0,36.0,83.0,20000.0,,4.0,,,,36.0,,,,,,,,,,,,,,,,,,,155.0
Raven Tears Set,Chest,Cuirass of Raven Tears,8.0,42.0,96.0,25000.0,,5.0,,,,42.0,,,,,,,,,,,,20.0,,,,,,,180.0
Raven Tears Set,Chest,Cuirass of Raven Tears,9.0,48.0,109.0,35000.0,,,,,,48.0,,2.0,,,,,,,,,,4.0,,,,,,,205.0
Raven Tears Set,Chest,Cuirass of Raven Tears,9.1,53.0,122.0,37500.0,,,,,,53.0,,,10.0,,,,,,,,,,,,,,,,228.0
Raven Tears Set,Chest,Cuirass of Raven Tears,9.2,59.0,134.0,40000.0,,,,,,59.0,10.0,,15.0,,,,,,,,,,,,,,,,252.0
Raven Tears Set,Chest,Cuirass of Raven Tears,9.3,64.0,147.0,42500.0,,,,,,64.0,,,30.0,20.0,,,,,,,,,,,,,,,275.0
Raven Tears Set,Chest,Cuirass of Raven Tears,10.0,70.0,160.0,45000.0,,,,,,70.0,,,50.0,,1.0,,,,,,,,,,,,,,300.0
Raven Tears Set,Wrist,Bracers of Raven Tears,3.0,19.0,10.0,,,,,,,9.0,,,,,,,,,,,,,,,,,,,38.0
Raven Tears Set,Wrist,Bracers of Raven Tears,4.0,26.0,14.0,4000.0,,,,,,12.0,,,,,,2.0,,,,,,,,,,,,,52.0
Raven Tears Set,Wrist,Bracers of Raven Tears,5.0,34.0,18.0,6500.0,,,,,,16.0,,,,,,4.0,,,,,,,,,,,,,68.0
Raven Tears Set,Wrist,Bracers of Raven Tears,6.0,41.0,22.0,10000.0,,1.0,,,,19.0,,,,,,,,,,,,,,,,,,,82.0
Raven Tears Set,Wrist,Bracers of Raven Tears,7.0,49.0,26.0,13500.0,,2.0,,,,23.0,,,,,,,,,,,,,,,,,,,98.0
Raven Tears Set,Wrist,Bracers of Raven Tears,8.0,56.0,30.0,16500.0,,3.0,,,,26.0,,,,,,,,,,,,10.0,,,,,,,112.0
Raven Tears Set,Wrist,Bracers of Raven Tears,9.0,64.0,34.0,25000.0,,,,,,30.0,,,,,,,5.0,,,,,20.0,,,,,,,128.0
Raven Tears Set,Wrist,Bracers of Raven Tears,9.1,71.0,38.0,27500.0,,,,,,33.0,,,5.0,,,,,,,,,,,,,,,,142.0
Raven Tears Set,Wrist,Bracers of Raven Tears,9.2,79.0,42.0,30000.0,,,,,,37.0,5.0,,10.0,,,,,,,,,,,,,,,,158.0
Raven Tears Set,Wrist,Bracers of Raven Tears,9.3,86.0,46.0,32500.0,,,,,,40.0,,,20.0,10.0,,,,,,,,,,,,,,,172.0
Raven Tears Set,Wrist,Bracers of Raven Tears,10.0,94.0,50.0,35000.0,,,,,,44.0,,,30.0,,1.0,,,,,,,,,,,,,,188.0
Raven Tears Set,Waist,Girdle of Raven Tears,3.0,,29.0,,,,,,,9.0,,,,,,,,,,,,,,,,,,,38.0
Raven Tears Set,Waist,Girdle of Raven Tears,4.0,,28.0,4000.0,,,,,,12.0,,,,,,2.0,,,,,,,,,,,,,40.0
Raven Tears Set,Waist,Girdle of Raven Tears,5.0,,52.0,6500.0,,,,,,16.0,,,,,,4.0,,,,,,,,,,,,,68.0
Raven Tears Set,Waist,Girdle of Raven Tears,6.0,,63.0,10000.0,,1.0,,,,19.0,,,,,,,,,,,,,,,,,,,82.0
Raven Tears Set,Waist,Girdle of Raven Tears,7.0,,75.0,13500.0,,2.0,,,,23.0,,,,,,,,,,,,,,,,,,,98.0
Raven Tears Set,Waist,Girdle of Raven Tears,8.0,,86.0,16500.0,,3.0,,,,26.0,,,,,,,,,,,,,,,,,,,112.0
Raven Tears Set,Waist,Girdle of Raven Tears,9.0,,98.0,25000.0,,,,,,30.0,,,,,,,,10.0,,,,20.0,,,,,,,128.0
Raven Tears Set,Waist,Girdle of Raven Tears,9.1,,109.0,27500.0,,,,,,33.0,,,5.0,,,,,,,,,,,,,,,,142.0
Raven Tears Set,Waist,Girdle of Raven Tears,9.2,,121.0,30000.0,,,,,,37.0,5.0,,10.0,,,,,,,,,,,,,,,,158.0
Raven Tears Set,Waist,Girdle of Raven Tears,9.3,,132.0,32500.0,,,,,,40.0,,,20.0,10.0,,,,,,,,,,,,,,,172.0
Raven Tears Set,Waist,Girdle of Raven Tears,10.0,,144.0,35000.0,,,,,,44.0,,,30.0,,1.0,,,,,,,,,,,,,,188.0
Radiance Set,Chest,Shoulder Straps of Radiance,4.0,34.0,20.0,,,,17.0,,,17.0,,,,,,,,,,,,,,,,,,,88.0
Radiance Set,Chest,Shoulder Straps of Radiance,5.0,43.0,25.0,10000.0,,,22.0,,,22.0,,,,,,10.0,,,,,,,,,,,,,112.0
Radiance Set,Chest,Shoulder Straps of Radiance,6.0,53.0,31.0,15000.0,,2.0,26.0,,,26.0,,,,,,,,,,,,,,,,,,,136.0
Radiance Set,Chest,Shoulder Straps of Radiance,7.0,62.0,36.0,20000.0,,4.0,31.0,,,31.0,,,,,,,,,,,,,,,,,,,160.0
Radiance Set,Chest,Shoulder Straps of Radiance,8.0,72.0,42.0,25000.0,,5.0,36.0,,,36.0,,,,,,,,,,,,20.0,,,,,,,186.0
Radiance Set,Chest,Shoulder Straps of Radiance,9.0,82.0,48.0,35000.0,,,41.0,,,41.0,,2.0,,,,,,,,,,40.0,,,,,,,212.0
Radiance Set,Chest,Shoulder Straps of Radiance,9.1,91.0,53.0,37500.0,,,46.0,,,46.0,,,10.0,,,,,,,,,,,,,,,,236.0
Radiance Set,Chest,Shoulder Straps of Radiance,9.2,101.0,59.0,40000.0,,,50.0,,,50.0,10.0,,15.0,,,,,,,,,,,,,,,,260.0
Radiance Set,Chest,Shoulder Straps of Radiance,9.3,110.0,64.0,42500.0,,,55.0,,,55.0,,,30.0,20.0,,,,,,,,,,,,,,,284.0
Radiance Set,Chest,Shoulder Straps of Radiance,10.0,120.0,70.0,45000.0,,,60.0,,,60.0,,,50.0,,1.0,,,,,,,,,,,,,,310.0
Radiance Set,Wrist,Gauntlets of Radiance,4.0,28.0,,,,,,,,,,,,,,,,,,,,,,,,,,,28.0
Radiance Set,Wrist,Gauntlets of Radiance,5.0,36.0,,6500.0,,,,,,,,,,,,6.0,,,,,,,,,,,,,36.0
Radiance Set,Wrist,Gauntlets of Radiance,6.0,44.0,,10000.0,,1.0,,,,,,,,,,,,,,,,,,,,,,,44.0
Radiance Set,Wrist,Gauntlets of Radiance,7.0,52.0,,13500.0,,2.0,,,,,,,,,,,,,,,,,,,,,,,52.0
Radiance Set,Wrist,Gauntlets of Radiance,8.0,60.0,,16500.0,,3.0,,,,,,,,,,,,,,,,10.0,,,,,,,60.0
Radiance Set,Wrist,Gauntlets of Radiance,9.0,68.0,,25000.0,,,,,,,,,,,,,5.0,,,,,40.0,,,,,,,68.0
Radiance Set,Wrist,Gauntlets of Radiance,9.1,76.0,,27500.0,,,,,,,,,5.0,,,,,,,,,,,,,,,,76.0
Radiance Set,Wrist,Gauntlets of Radiance,9.2,84.0,,30000.0,,,,,,,5.0,,10.0,,,,,,,,,,,,,,,,84.0
Radiance Set,Wrist,Gauntlets of Radiance,9.3,92.0,,32500.0,,,,,,,,,20.0,10.0,,,,,,,,,,,,,,,92.0
Radiance Set,Wrist,Gauntlets of Radiance,10.0,100.0,,35000.0,,,,,,,,,30.0,,1.0,,,,,,,,,,,,,,100.0
Radiance Set,Waist,Belt of Radiance,4.0,,28.0,,,,,,,,,,,,,,,,,,,,,,,,,,28.0
Radiance Set,Waist,Belt of Radiance,5.0,,36.0,6500.0,,,,,,,,,,,,6.0,,,,,,,,,,,,,36.0
Radiance Set,Waist,Belt of Radiance,6.0,,44.0,10000.0,,1.0,,,,,,,,,,,,,,,,,,,,,,,44.0
Radiance Set,Waist,Belt of Radiance,7.0,,52.0,13500.0,,2.0,,,,,,,,,,,,,,,,,,,,,,,52.0
Radiance Set,Waist,Belt of Radiance,8.0,,60.0,16500.0,,3.0,,,,,,,,,,,,,,,,10.0,,,,,,,60.0
Radiance Set,Waist,Belt of Radiance,9.0,,68.0,25000.0,,,,,,,,,,,,,,10.0,,,,20.0,,,,,,,68.0
Radiance Set,Waist,Belt of Radiance,9.1,,76.0,27500.0,,,,,,,,,5.0,,,,,,,,,,,,,,,,76.0
Radiance Set,Waist,Belt of Radiance,9.2,,94.0,30000.0,,,,,,,5.0,,10.0,,,,,,,,,,,,,,,,94.0
Radiance Set,Waist,Belt of Radiance,9.3,,92.0,32500.0,,,,,,,,,20.0,10.0,,,,,,,,,,,,,,,92.0
Radiance Set,Waist,Belt of Radiance,10.0,,100.0,35000.0,,,,,,,,,30.0,,1.0,,,,,,,,,,,,,,100.0
Spiritual Set,Chest,Spiritual Shoulder Straps,4.0,28.0,22.0,5000.0,,,,,28.0,,,,,,,,,,,,,,,,,,,,78.0
Spiritual Set,Chest,Spiritual Shoulder Straps,5.0,36.0,29.0,10000.0,,,,,36.0,,,,,,,8.0,,,,,,,,,,,,,101.0
Spiritual Set,Chest,Spiritual Shoulder Straps,6.0,44.0,35.0,15000.0,,2.0,,,44.0,,,,,,,,,,,,,,,,,,,,123.0
Spiritual Set,Chest,Spiritual Shoulder Straps,7.0,52.0,42.0,20000.0,,4.0,,,52.0,,,,,,,,,,,,,,,,,,,,146.0
Spiritual Set,Chest,Spiritual Shoulder Straps,8.0,60.0,48.0,25000.0,,5.0,,,60.0,,20.0,,,,,,,,,,,,,,,,,,168.0
Spiritual Set,Chest,Spiritual Shoulder Straps,9.0,68.0,54.0,35000.0,,,,,68.0,,40.0,2.0,,,,,,,,,,,,,,,,,190.0
Spiritual Set,Chest,Spiritual Shoulder Straps,9.1,76.0,61.0,37500.0,,,,,76.0,,,,10.0,,,,,,,,,,,,,,,,213.0
Spiritual Set,Chest,Spiritual Shoulder Straps,9.2,84.0,67.0,40000.0,,,,,84.0,,10.0,,15.0,,,,,,,,,,,,,,,,235.0
Spiritual Set,Chest,Spiritual Shoulder Straps,9.3,92.0,74.0,42500.0,,,,,92.0,,,,30.0,20.0,,,,,,,,,,,,,,,258.0
Spiritual Set,Chest,Spiritual Shoulder Straps,10.0,100.0,80.0,45000.0,,,,,11.0,,,,50.0,,1.0,,,,,,,,,,,,,,191.0
Spiritual Set,Wrist,Spiritual Wraps,4.0,32.0,,3000.0,,,,,18.0,,,,,,,,,,,,,,,,,,,,50.0
Spiritual Set,Wrist,Spiritual Wraps,5.0,41.0,,6500.0,,,,,23.0,,,,,,,4.0,,,,,,,,,,,,,64.0
Spiritual Set,Wrist,Spiritual Wraps,6.0,50.0,,10000.0,,1.0,,,28.0,,,,,,,,,,,,,,,,,,,,78.0
Spiritual Set,Wrist,Spiritual Wraps,7.0,59.0,,13500.0,,2.0,,,33.0,,,,,,,,,,,,,,,,,,,,92.0
Spiritual Set,Wrist,Spiritual Wraps,8.0,68.0,,16500.0,,3.0,,,38.0,,10.0,,,,,,,,,,,,,,,,,,106.0
Spiritual Set,Wrist,Spiritual Wraps,9.0,77.0,,25000.0,,,,,43.0,,20.0,,,,,,5.0,,,,,,,,,,,,120.0
Spiritual Set,Wrist,Spiritual Wraps,9.1,86.0,,27500.0,,,,,48.0,,,,5.0,,,,,,,,,,,,,,,,134.0
Spiritual Set,Wrist,Spiritual Wraps,9.2,95.0,,30000.0,,,,,53.0,,5.0,,10.0,,,,,,,,,,,,,,,,148.0
Spiritual Set,Wrist,Spiritual Wraps,9.3,104.0,,32500.0,,,,,58.0,,,,20.0,10.0,,,,,,,,,,,,,,,162.0
Spiritual Set,Wrist,Spiritual Wraps,10.0,113.0,,35000.0,,,,,63.0,,,,30.0,,1.0,,,,,,,,,,,,,,176.0
Spiritual Set,Waist,Spiritual Belt,4.0,,32.0,3000.0,,,,,18.0,,,,,,,,,,,,,,,,,,,,50.0
Spiritual Set,Waist,Spiritual Belt,5.0,,41.0,6500.0,,,,,23.0,,,,,,,4.0,,,,,,,,,,,,,64.0
Spiritual Set,Waist,Spiritual Belt,6.0,,50.0,10000.0,,1.0,,,28.0,,,,,,,,,,,,,,,,,,,,78.0
Spiritual Set,Waist,Spiritual Belt,7.0,,59.0,13500.0,,2.0,,,33.0,,,,,,,,,,,,,,,,,,,,92.0
Spiritual Set,Waist,Spiritual Belt,8.0,,68.0,16500.0,,3.0,,,38.0,,10.0,,,,,,,,,,,,,,,,,,106.0
Spiritual Set,Waist,Spiritual Belt,9.0,,77.0,25000.0,,,,,43.0,,20.0,,,,,,,10.0,,,,,,,,,,,120.0
Spiritual Set,Waist,Spiritual Belt,9.1,,86.0,27500.0,,,,,48.0,,,,5.0,,,,,,,,,,,,,,,,134.0
Spiritual Set,Waist,Spiritual Belt,9.2,,95.0,30000.0,,,,,53.0,,5.0,,10.0,,,,,,,,,,,,,,,,148.0
Spiritual Set,Waist,Spiritual Belt,9.3,,104.0,32500.0,,,,,58.0,,,,20.0,10.0,,,,,,,,,,,,,,,162.0
Spiritual Set,Waist,Spiritual Belt,10.0,,113.0,35000.0,,,,,63.0,,,,30.0,,1.0,,,,,,,,,,,,,,176.0
Sol's Set,Chest,Sol's Spaulders of Courage,4.0,20.0,28.0,5000.0,,,,28.0,,,,,,,,,,,,,,,,,,,,,76.0
Sol's Set,Chest,Sol's Spaulders of Courage,5.0,25.0,36.0,10000.0,,,,36.0,,,,,,,,8.0,,,,,,,,,,,,,97.0
Sol's Set,Chest,Sol's Spaulders of Courage,6.0,31.0,44.0,15000.0,,2.0,,44.0,,,,,,,,,,,,,,,,,,,,,119.0
Sol's Set,Chest,Sol's Spaulders of Courage,7.0,42.0,52.0,20000.0,,4.0,,52.0,,,,,,,,,,,,,,,,,,,,,146.0
Sol's Set,Chest,Sol's Spaulders of Courage,8.0,48.0,60.0,35000.0,,5.0,,60.0,,,20.0,,,,,,,,,,,,,,,,,,168.0
Sol's Set,Chest,Sol's Spaulders of Courage,9.0,54.0,68.0,35000.0,,,,68.0,,,40.0,2.0,,,,,,,,,,,,,,,,,190.0
Sol's Set,Chest,Sol's Spaulders of Courage,9.1,61.0,76.0,37500.0,,,,76.0,,,,,10.0,,,,,,,,,,,,,,,,213.0
Sol's Set,Chest,Sol's Spaulders of Courage,9.2,67.0,84.0,40000.0,,,,84.0,,,10.0,,15.0,,,,,,,,,,,,,,,,235.0
Sol's Set,Chest,Sol's Spaulders of Courage,9.3,74.0,92.0,42500.0,,,,92.0,,,,,30.0,20.0,,,,,,,,,,,,,,,258.0
Sol's Set,Chest,Sol's Spaulders of Courage,10.0,80.0,100.0,45000.0,,,,100.0,,,,,50.0,,1.0,,,,,,,,,,,,,,280.0
Sol's Set,Wrist,Sol's Wraps of Courage,4.0,30.0,,3000.0,,,,18.0,,,,,,,,,,,,,,,,,,,,,48.0
Sol's Set,Wrist,Sol's Wraps of Courage,5.0,38.0,,6500.0,,,,23.0,,,,,,,,4.0,,,,,,,,,,,,,61.0
Sol's Set,Wrist,Sol's Wraps of Courage,6.0,47.0,,10000.0,,1.0,,28.0,,,,,,,,,,,,,,,,,,,,,75.0
Sol's Set,Wrist,Sol's Wraps of Courage,7.0,59.0,,13500.0,,2.0,,33.0,,,,,,,,,,,,,,,,,,,,,92.0
Sol's Set,Wrist,Sol's Wraps of Courage,8.0,68.0,,16500.0,,3.0,,38.0,,,10.0,,,,,,,,,,,,,,,,,,106.0
Sol's Set,Wrist,Sol's Wraps of Courage,9.0,77.0,,25000.0,,,,43.0,,,20.0,,,,,,5.0,,,,,,,,,,,,120.0
Sol's Set,Wrist,Sol's Wraps of Courage,9.1,86.0,,27500.0,,,,48.0,,,,,5.0,,,,,,,,,,,,,,,,134.0
Sol's Set,Wrist,Sol's Wraps of Courage,9.2,95.0,,30000.0,,,,53.0,,,5.0,,10.0,,,,,,,,,,,,,,,,148.0
Sol's Set,Wrist,Sol's Wraps of Courage,9.3,104.0,,32500.0,,,,58.0,,,,,20.0,10.0,,,,,,,,,,,,,,,162.0
Sol's Set,Wrist,Sol's Wraps of Courage,10.0,113.0,,35000.0,,,,63.0,,,,,30.0,,1.0,,,,,,,,,,,,,,176.0
Sol's Set,Waist,Sol's Belt of Courage,4.0,,30.0,3000.0,,,,18.0,,,,,,,,,,,,,,,,,,,,,48.0
Sol's Set,Waist,Sol's Belt of Courage,5.0,,38.0,6500.0,,,,23.0,,,,,,,,4.0,,,,,,,,,,,,,61.0
Sol's Set,Waist,Sol's Belt of Courage,6.0,,47.0,10000.0,,1.0,,28.0,,,,,,,,,,,,,,,,,,,,,75.0
Sol's Set,Waist,Sol's Belt of Courage,7.0,,59.0,13500.0,,2.0,,33.0,,,,,,,,,,,,,,,,,,,,,92.0
Sol's Set,Waist,Sol's Belt of Courage,8.0,,68.0,16500.0,,3.0,,38.0,,,10.0,,,,,,,,,,,,,,,,,,106.0
Sol's Set,Waist,Sol's Belt of Courage,9.0,,77.0,25000.0,,,,43.0,,,20.0,,,,,,,10.0,,,,,,,,,,,120.0
Sol's Set,Waist,Sol's Belt of Courage,9.1,,86.0,27500.0,,,,48.0,,,,,5.0,,,,,,,,,,,,,,,,134.0
Sol's Set,Waist,Sol's Belt of Courage,9.2,,95.0,30000.0,,,,53.0,,,5.0,,10.0,,,,,,,,,,,,,,,,148.0
Sol's Set,Waist,Sol's Belt of Courage,9.3,,104.0,32500.0,,,,58.0,,,,,20.0,10.0,,,,,,,,,,,,,,,162.0
Sol's Set,Waist,Sol's Belt of Courage,10.0,,113.0,35000.0,,,,63.0,,,,,30.0,,1.0,,,,,,,,,,,,,,176.0
Lunda's Lost Set,Chest,Lunda's Lost Cuirass,5.0,36.0,29.0,,,,14.0,,,29.0,,,,,,,,,,,,,1.0,,,,,,108.0
Lunda's Lost Set,Chest,Lunda's Lost Cuirass,6.0,44.0,35.0,15000.0,,2.0,18.0,,,35.0,,,,,,,,,,,,,,,,,,,132.0
Lunda's Lost Set,Chest,Lunda's Lost Cuirass,7.0,52.0,42.0,20000.0,,4.0,21.0,,,42.0,,,,,,,,,,,,,,,,,,,157.0
Lunda's Lost Set,Chest,Lunda's Lost Cuirass,8.0,60.0,48.0,25000.0,,5.0,24.0,,,48.0,,,,,,,,,,,,20.0,,,,,,,180.0
Lunda's Lost Set,Chest,Lunda's Lost Cuirass,9.0,68.0,54.0,35000.0,,,27.0,,,54.0,,2.0,,,,,,,,,,40.0,,,,,,,203.0
Lunda's Lost Set,Chest,Lunda's Lost Cuirass,9.1,76.0,61.0,37500.0,,,30.0,,,61.0,,,10.0,,,,,,,,,,,,,,,,228.0
Lunda's Lost Set,Chest,Lunda's Lost Cuirass,9.2,84.0,67.0,40000.0,,,34.0,,,67.0,10.0,,15.0,,,,,,,,,,,,,,,,252.0
Lunda's Lost Set,Chest,Lunda's Lost Cuirass,9.3,92.0,74.0,42500.0,,,37.0,,,74.0,,,30.0,20.0,,,,,,,,,,,,,,,277.0
Lunda's Lost Set,Chest,Lunda's Lost Cuirass,10.0,100.0,80.0,45000.0,,,40.0,,,80.0,,,50.0,,1.0,,,,,,,,,,,,,,300.0
Lunda's Lost Set,Wrist,Lunda's Lost Bracers,5.0,41.0,,,,,9.0,,,18.0,,,,,,,,,,,,,,1.0,,,,,68.0
Lunda's Lost Set,Wrist,Lunda's Lost Bracers,6.0,50.0,,10000.0,,1.0,11.0,,,22.0,,,,,,,,,,,,,,,,,,,83.0
Lunda's Lost Set,Wrist,Lunda's Lost Bracers,7.0,59.0,,13500.0,,2.0,13.0,,,26.0,,,,,,,,,,,,,,,,,,,98.0
Lunda's Lost Set,Wrist,Lunda's Lost Bracers,8.0,68.0,,16500.0,,3.0,15.0,,,30.0,,,,,,,,,,,,10.0,,,,,,,113.0
Lunda's Lost Set,Wrist,Lunda's Lost Bracers,9.0,77.0,,25000.0,,,17.0,,,34.0,,,,,,,5.0,,,,,20.0,,,,,,,128.0
Lunda's Lost Set,Wrist,Lunda's Lost Bracers,9.1,86.0,,27500.0,,,19.0,,,38.0,,,5.0,,,,,,,,,,,,,,,,143.0
Lunda's Lost Set,Wrist,Lunda's Lost Bracers,9.2,95.0,,30000.0,,,21.0,,,42.0,5.0,,10.0,,,,,,,,,,,,,,,,158.0
Lunda's Lost Set,Wrist,Lunda's Lost Bracers,9.3,104.0,,32500.0,,,23.0,,,46.0,,,20.0,10.0,,,,,,,,,,,,,,,173.0
Lunda's Lost Set,Wrist,Lunda's Lost Bracers,10.0,113.0,,35000.0,,,25.0,,,30.0,,,30.0,,1.0,,,,,,,,,,,,,,168.0
Lunda's Lost Set,Waist,Lunda's Lost Belt,5.0,,41.0,,,,9.0,,,18.0,,,,,,,,,,,,,,,1.0,,,,68.0
Lunda's Lost Set,Waist,Lunda's Lost Belt,6.0,,50.0,10000.0,,1.0,11.0,,,22.0,,,,,,,,,,,,,,,,,,,83.0
Lunda's Lost Set,Waist,Lunda's Lost Belt,7.0,,59.0,13500.0,,2.0,13.0,,,26.0,,,,,,,,,,,,,,,,,,,98.0
Lunda's Lost Set,Waist,Lunda's Lost Belt,8.0,,68.0,16500.0,,3.0,15.0,,,30.0,,,,,,,,,,,,10.0,,,,,,,113.0
Lunda's Lost Set,Waist,Lunda's Lost Belt,9.0,,77.0,25000.0,,,17.0,,,34.0,,,,,,,,10.0,,,,20.0,,,,,,,128.0
Lunda's Lost Set,Waist,Lunda's Lost Belt,9.1,,86.0,27500.0,,,19.0,,,38.0,,,5.0,,,,,,,,,,,,,,,,143.0
Lunda's Lost Set,Waist,Lunda's Lost Belt,9.2,,95.0,30000.0,,,21.0,,,42.0,5.0,,10.0,,,,,,,,,,,,,,,,158.0
Lunda's Lost Set,Waist,Lunda's Lost Belt,9.3,,104.0,32500.0,,,23.0,,,46.0,,,20.0,10.0,,,,,,,,,,,,,,,173.0
Lunda's Lost Set,Waist,Lunda's Lost Belt,10.0,,113.0,35000.0,,,25.0,,,50.0,,,30.0,,1.0,,,,,,,,,,,,,,188.0
Guiding Light Set,Chest,Breastplate of Guiding Light,5.0,36.0,29.0,,,,,,,36.0,,,,,,,,,,,,,,,,,,,101.0
Guiding Light Set,Chest,Breastplate of Guiding Light,6.0,44.0,35.0,15000.0,,2.0,,,,44.0,,,,,,,,,,,,,,,,,,,123.0
Guiding Light Set,Chest,Breastplate of Guiding Light,7.0,52.0,42.0,20000.0,,4.0,,,,52.0,,,,,,,,,,,,,,,,,,,146.0
Guiding Light Set,Chest,Breastplate of Guiding Light,8.0,60.0,48.0,25000.0,,5.0,,,,60.0,,,,,,,10.0,,,,,,,,,,,,168.0
Guiding Light Set,Chest,Breastplate of Guiding Light,9.0,68.0,54.0,35000.0,,,,,,68.0,,2.0,,,,,,,,,,40.0,,,,,,,190.0
Guiding Light Set,Chest,Breastplate of Guiding Light,9.1,76.0,61.0,37500.0,,,,,,76.0,,,10.0,,,,,,,,,,,,,,,,213.0
Guiding Light Set,Chest,Breastplate of Guiding Light,9.2,84.0,67.0,40000.0,,,,,,84.0,10.0,,15.0,,,,,,,,,,,,,,,,235.0
Guiding Light Set,Chest,Breastplate of Guiding Light,9.3,92.0,74.0,42500.0,,,,,,92.0,,,30.0,20.0,,,,,,,,,,,,,,,258.0
Guiding Light Set,Chest,Breastplate of Guiding Light,10.0,100.0,80.0,45000.0,,,,,,100.0,,,50.0,,1.0,,,,,,,,,,,,,,280.0
Guiding Light Set,Wrist,Gauntlets of Guiding Light,5.0,41.0,,,,,,,,23.0,,,,,,,,,,,,,,,,,,,64.0
Guiding Light Set,Wrist,Gauntlets of Guiding Light,6.0,50.0,,10000.0,,1.0,,,,28.0,,,,,,,,,,,,,,,,,,,78.0
Guiding Light Set,Wrist,Gauntlets of Guiding Light,7.0,59.0,,13500.0,,2.0,,,,33.0,,,,,,,,,,,,,,,,,,,92.0
Guiding Light Set,Wrist,Gauntlets of Guiding Light,8.0,68.0,,1650.0,,,,,,38.0,,,,,,,5.0,,,,,,,,,,,,106.0
Guiding Light Set,Wrist,Gauntlets of Guiding Light,9.0,77.0,,25000.0,,,,,,43.0,,,,,,,5.0,,,,,20.0,,,,,,,120.0
Guiding Light Set,Wrist,Gauntlets of Guiding Light,9.1,86.0,,27500.0,,,,,,48.0,,,5.0,,,,,,,,,,,,,,,,134.0
Guiding Light Set,Wrist,Gauntlets of Guiding Light,9.2,95.0,,30000.0,,,,,,53.0,5.0,,10.0,,,,,,,,,,,,,,,,148.0
Guiding Light Set,Wrist,Gauntlets of Guiding Light,9.3,104.0,,32500.0,,,,,,58.0,,,20.0,10.0,,,,,,,,,,,,,,,162.0
Guiding Light Set,Wrist,Gauntlets of Guiding Light,10.0,113.0,,35000.0,,,,,,63.0,,,30.0,,1.0,,,,,,,,,,,,,,176.0
Guiding Light Set,Waist,Waist Guard of Guiding Light,5.0,,41.0,,,,,,,23.0,,,,,,,,,,,,,,,,,,,64.0
Guiding Light Set,Waist,Waist Guard of Guiding Light,6.0,,50.0,10000.0,,1.0,,,,28.0,,,,,,,,,,,,,,,,,,,78.0
Guiding Light Set,Waist,Waist Guard of Guiding Light,7.0,,59.0,13500.0,,2.0,,,,33.0,,,,,,,,,,,,,,,,,,,92.0
Guiding Light Set,Waist,Waist Guard of Guiding Light,8.0,,68.0,16500.0,,,,,,38.0,,,,,,,5.0,,,,,,,,,,,,106.0
Guiding Light Set,Waist,Waist Guard of Guiding Light,9.0,,77.0,25000.0,,,,,,43.0,,,,,,,,10.0,,,,20.0,,,,,,,120.0
Guiding Light Set,Waist,Waist Guard of Guiding Light,9.1,,86.0,27500.0,,,,,,48.0,,,5.0,,,,,,,,,,,,,,,,134.0
Guiding Light Set,Waist,Waist Guard of Guiding Light,9.2,,95.0,30000.0,,,,,,53.0,5.0,,10.0,,,,,,,,,,,,,,,,148.0
Guiding Light Set,Waist,Waist Guard of Guiding Light,9.3,,104.0,32500.0,,,,,,58.0,,,20.0,10.0,,,,,,,,,,,,,,,162.0
Guiding Light Set,Waist,Waist Guard of Guiding Light,10.0,,113.0,35000.0,,,,,,63.0,,,30.0,,1.0,,,,,,,,,,,,,,176.0
Giptumadr's Set,Chest,Giptumadr's Breastplate,5.0,32.0,36.0,8500.0,,,11.0,,,36.0,,,,,,,,,,,,,,,,,,,115.0
Giptumadr's Set,Chest,Giptumadr's Breastplate,6.0,35.0,44.0,15000.0,,2.0,13.0,,,40.0,,,,,,,,,,,,,,,,,,,132.0
Giptumadr's Set,Chest,Giptumadr's Breastplate,7.0,42.0,52.0,20000.0,,4.0,16.0,,,47.0,,,,,,,,,,,,,,,,,,,157.0
Giptumadr's Set,Chest,Giptumadr's Breastplate,8.0,48.0,60.0,25000.0,,5.0,18.0,,,54.0,20.0,,,,,,,,,,,,,,,,,,180.0
Giptumadr's Set,Chest,Giptumadr's Breastplate,9.0,54.0,68.0,35000.0,,,20.0,,,61.0,40.0,2.0,,,,,,,,,,,,,,,,,203.0
Giptumadr's Set,Chest,Giptumadr's Breastplate,9.1,61.0,76.0,37500.0,,,23.0,,,68.0,,,10.0,,,,,,,,,,,,,,,,228.0
Giptumadr's Set,Chest,Giptumadr's Breastplate,9.2,67.0,84.0,40000.0,,,25.0,,,76.0,10.0,,15.0,,,,,,,,,,,,,,,,252.0
Giptumadr's Set,Chest,Giptumadr's Breastplate,9.3,74.0,92.0,42500.0,,,28.0,,,83.0,,,30.0,20.0,,,,,,,,,,,,,,,277.0
Giptumadr's Set,Chest,Giptumadr's Breastplate,10.0,80.0,100.0,45000.0,,,30.0,,,90.0,,,50.0,,1.0,,,,,,,,,,,,,,300.0
Giptumadr's Set,Wrist,Giptumadr's Gauntlets,5.0,43.0,,6000.0,,,7.0,,,23.0,,,,,,,,,,,,,,,,,,,73.0
Giptumadr's Set,Wrist,Giptumadr's Gauntlets,6.0,50.0,,10000.0,,1.0,8.0,,,25.0,,,,,,,,,,,,,,,,,,,83.0
Giptumadr's Set,Wrist,Giptumadr's Gauntlets,7.0,59.0,,13500.0,,2.0,10.0,,,29.0,,,,,,,,,,,,,,,,,,,98.0
Giptumadr's Set,Wrist,Giptumadr's Gauntlets,8.0,68.0,,16500.0,,3.0,11.0,,,34.0,10.0,,,,,,,,,,,,,,,,,,113.0
Giptumadr's Set,Wrist,Giptumadr's Gauntlets,9.0,77.0,,25000.0,,,13.0,,,38.0,20.0,,,,,,5.0,,,,,,,,,,,,128.0
Giptumadr's Set,Wrist,Giptumadr's Gauntlets,9.1,86.0,,27500.0,,,14.0,,,43.0,,,5.0,,,,,,,,,,,,,,,,143.0
Giptumadr's Set,Wrist,Giptumadr's Gauntlets,9.2,95.0,,30000.0,,,16.0,,,47.0,5.0,,10.0,,,,,,,,,,,,,,,,158.0
Giptumadr's Set,Wrist,Giptumadr's Gauntlets,9.3,104.0,,32500.0,,,17.0,,,52.0,,,20.0,10.0,,,,,,,,,,,,,,,173.0
Giptumadr's Set,Wrist,Giptumadr's Gauntlets,10.0,113.0,,35000.0,,,19.0,,,56.0,,,30.0,,1.0,,,,,,,,,,,,,,188.0
Giptumadr's Set,Waist,Giptumadr's Waist Guard,5.0,,43.0,6000.0,,,7.0,,,23.0,,,,,,,,,,,,,,,,,,,73.0
Giptumadr's Set,Waist,Giptumadr's Waist Guard,6.0,,50.0,10000.0,,1.0,8.0,,,25.0,,,,,,,,,,,,,,,,,,,83.0
Giptumadr's Set,Waist,Giptumadr's Waist Guard,7.0,,59.0,13500.0,,2.0,10.0,,,29.0,,,,,,,,,,,,,,,,,,,98.0
Giptumadr's Set,Waist,Giptumadr's Waist Guard,8.0,,68.0,16500.0,,3.0,11.0,,,34.0,10.0,,,,,,,,,,,,,,,,,,113.0
Giptumadr's Set,Waist,Giptumadr's Waist Guard,9.0,,77.0,25000.0,,,13.0,,,38.0,20.0,,,,,,,10.0,,,,,,,,,,,128.0
Giptumadr's Set,Waist,Giptumadr's Waist Guard,9.1,,86.0,27500.0,,,14.0,,,43.0,,,5.0,,,,,,,,,,,,,,,,143.0
Giptumadr's Set,Waist,Giptumadr's Waist Guard,9.2,,95.0,30000.0,,,16.0,,,47.0,5.0,,10.0,,,,,,,,,,,,,,,,158.0
Giptumadr's Set,Waist,Giptumadr's Waist Guard,9.3,,104.0,32500.0,,,17.0,,,52.0,,,20.0,10.0,,,,,,,,,,,,,,,173.0
Giptumadr's Set,Waist,Giptumadr's Waist Guard,10.0,,113.0,35000.0,,,19.0,,,56.0,,,30.0,,1.0,,,,,,,,,,,,,,188.0
Mani's Wisdom Set,Chest,Mani's Pauldron of Wisdom,5.0,32.0,36.0,8500.0,,,14.0,,32.0,,,,,,,,,,,,,,,,,,,,114.0
Mani's Wisdom Set,Chest,Mani's Pauldron of Wisdom,6.0,35.0,44.0,15000.0,,2.0,18.0,,35.0,,,,,,,,,,,,,,,,,,,,132.0
Mani's Wisdom Set,Chest,Mani's Pauldron of Wisdom,7.0,42.0,52.0,20000.0,,4.0,21.0,,42.0,,,,,,,,,,,,,,,,,,,,157.0
Mani's Wisdom Set,Chest,Mani's Pauldron of Wisdom,8.0,48.0,60.0,25000.0,,5.0,24.0,,48.0,,20.0,,,,,,,,,,,,,,,,,,180.0
Mani's Wisdom Set,Chest,Mani's Pauldron of Wisdom,9.0,54.0,68.0,35000.0,,,27.0,,54.0,,40.0,2.0,,,,,,,,,,,,,,,,,203.0
Mani's Wisdom Set,Chest,Mani's Pauldron of Wisdom,9.1,61.0,76.0,37500.0,,,30.0,,61.0,,,,10.0,,,,,,,,,,,,,,,,228.0
Mani's Wisdom Set,Chest,Mani's Pauldron of Wisdom,9.2,67.0,84.0,40000.0,,,34.0,,67.0,,10.0,,15.0,,,,,,,,,,,,,,,,252.0
Mani's Wisdom Set,Chest,Mani's Pauldron of Wisdom,9.3,74.0,92.0,42500.0,,,37.0,,74.0,,,,30.0,20.0,,,,,,,,,,,,,,,277.0
Mani's Wisdom Set,Chest,Mani's Pauldron of Wisdom,10.0,80.0,100.0,45000.0,,,40.0,,80.0,,,,50.0,,1.0,,,,,,,,,,,,,,300.0
Mani's Wisdom Set,Wrist,Mani's Bracers of Wisdom,5.0,43.0,,6000.0,,,9.0,,20.0,,,,,,,,,,,,,,,,,,,,72.0
Mani's Wisdom Set,Wrist,Mani's Bracers of Wisdom,6.0,50.0,,10000.0,,1.0,11.0,,22.0,,,,,,,,,,,,,,,,,,,,83.0
Mani's Wisdom Set,Wrist,Mani's Bracers of Wisdom,7.0,59.0,,13500.0,,2.0,13.0,,26.0,,,,,,,,,,,,,,,,,,,,98.0
Mani's Wisdom Set,Wrist,Mani's Bracers of Wisdom,8.0,68.0,,16500.0,,3.0,15.0,,30.0,,10.0,,,,,,,,,,,,,,,,,,113.0
Mani's Wisdom Set,Wrist,Mani's Bracers of Wisdom,9.0,77.0,,25000.0,,,17.0,,34.0,,20.0,,,,,,5.0,,,,,,,,,,,,128.0
Mani's Wisdom Set,Wrist,Mani's Bracers of Wisdom,9.1,86.0,,27500.0,,,19.0,,38.0,,,,5.0,,,,,,,,,,,,,,,,143.0
Mani's Wisdom Set,Wrist,Mani's Bracers of Wisdom,9.2,95.0,,30000.0,,,21.0,,42.0,,5.0,,10.0,,,,,,,,,,,,,,,,158.0
Mani's Wisdom Set,Wrist,Mani's Bracers of Wisdom,9.3,104.0,,32500.0,,,23.0,,46.0,,,,20.0,10.0,,,,,,,,,,,,,,,173.0
Mani's Wisdom Set,Wrist,Mani's Bracers of Wisdom,10.0,113.0,,35000.0,,,25.0,,50.0,,,,30.0,,1.0,,,,,,,,,,,,,,188.0
Mani's Wisdom Set,Waist,Mani's Belt of Wisdom,5.0,,43.0,6000.0,,,9.0,,20.0,,,,,,,,,,,,,,,,,,,,72.0
Mani's Wisdom Set,Waist,Mani's Belt of Wisdom,6.0,,50.0,10000.0,,1.0,11.0,,22.0,,,,,,,,,,,,,,,,,,,,83.0
Mani's Wisdom Set,Waist,Mani's Belt of Wisdom,7.0,,59.0,13500.0,,2.0,13.0,,26.0,,,,,,,,,,,,,,,,,,,,98.0
Mani's Wisdom Set,Waist,Mani's Belt of Wisdom,8.0,,68.0,16500.0,,3.0,15.0,,30.0,,10.0,,,,,,,,,,,,,,,,,,113.0
Mani's Wisdom Set,Waist,Mani's Belt of Wisdom,9.0,,77.0,25000.0,,,17.0,,34.0,,20.0,,,,,,,10.0,,,,,,,,,,,128.0
Mani's Wisdom Set,Waist,Mani's Belt of Wisdom,9.1,86.0,,27500.0,,,19.0,,38.0,,,,5.0,,,,,,,,,,,,,,,,143.0
Mani's Wisdom Set,Waist,Mani's Belt of Wisdom,9.2,95.0,,30000.0,,,21.0,,42.0,,5.0,,10.0,,,,,,,,,,,,,,,,158.0
Mani's Wisdom Set,Waist,Mani's Belt of Wisdom,9.3,104.0,,32500.0,,,23.0,,46.0,,,,20.0,10.0,,,,,,,,,,,,,,,173.0
Mani's Wisdom Set,Waist,Mani's Belt of Wisdom,10.0,113.0,,35000.0,,,25.0,,50.0,,,,30.0,,1.0,,,,,,,,,,,,,,188.0
Berserker Set,Chest,Berserker Cuirass,5.0,36.0,14.0,,,,22.0,22.0,22.0,22.0,,,,,,,,,,,,,,,,,,,138.0
Berserker Set,Chest,Berserker Cuirass,6.0,44.0,18.0,15000.0,,2.0,26.0,26.0,26.0,26.0,,,,,,,,,,,,,,,,,,,166.0
Berserker Set,Chest,Berserker Cuirass,7.0,52.0,21.0,20000.0,,4.0,31.0,31.0,31.0,31.0,,,,,,,,,,,,,,,,,,,197.0
Berserker Set,Chest,Berserker Cuirass,8.0,60.0,24.0,25000.0,,5.0,36.0,36.0,36.0,36.0,,,,,,,10.0,,,,,,,,,,,,228.0
Berserker Set,Chest,Berserker Cuirass,9.0,68.0,27.0,35000.0,,,41.0,41.0,41.0,41.0,,2.0,,,,,,,,,,40.0,,,,,,,259.0
Berserker Set,Chest,Berserker Cuirass,9.1,76.0,30.0,37500.0,,,46.0,46.0,46.0,46.0,,,10.0,,,,,,,,,,,,,,,,290.0
Berserker Set,Chest,Berserker Cuirass,9.2,84.0,34.0,40000.0,,,50.0,50.0,50.0,50.0,10.0,,15.0,,,,,,,,,,,,,,,,318.0
Berserker Set,Chest,Berserker Cuirass,9.3,92.0,37.0,42500.0,,,55.0,55.0,55.0,55.0,,,30.0,20.0,,,,,,,,,,,,,,,349.0
Berserker Set,Chest,Berserker Cuirass,10.0,100.0,40.0,45000.0,,,60.0,60.0,60.0,60.0,,,50.0,,1.0,,,,,,,,,,,,,,380.0
Berserker Set,Wrist,Berserker Gauntlets,5.0,41.0,,,,,11.0,11.0,11.0,11.0,,,,,,,,,,,,,,,,,,,85.0
Berserker Set,Wrist,Berserker Gauntlets,6.0,50.0,,10000.0,,1.0,14.0,14.0,14.0,14.0,,,,,,,,,,,,,,,,,,,106.0
Berserker Set,Wrist,Berserker Gauntlets,7.0,59.0,,13500.0,,2.0,16.0,16.0,16.0,16.0,,,,,,,,,,,,,,,,,,,123.0
Berserker Set,Wrist,Berserker Gauntlets,8.0,68.0,,16500.0,,3.0,19.0,19.0,19.0,19.0,,,,,,,5.0,,,,,,,,,,,,144.0
Berserker Set,Wrist,Berserker Gauntlets,9.0,77.0,,25000.0,,,21.0,21.0,21.0,21.0,,,,,,,5.0,,,,,20.0,,,,,,,161.0
Berserker Set,Wrist,Berserker Gauntlets,9.1,86.0,,27500.0,,,24.0,24.0,24.0,24.0,,,5.0,,,,,,,,,,,,,,,,182.0
Berserker Set,Wrist,Berserker Gauntlets,9.2,95.0,,30000.0,,,25.0,25.0,25.0,25.0,5.0,,10.0,,,,,,,,,,,,,,,,195.0
Berserker Set,Wrist,Berserker Gauntlets,9.3,104.0,,32500.0,,,29.0,29.0,29.0,29.0,,,20.0,10.0,,,,,,,,,,,,,,,220.0
Berserker Set,Wrist,Berserker Gauntlets,10.0,113.0,,35000.0,,,31.0,31.0,31.0,31.0,,,30.0,,1.0,,,,,,,,,,,,,,237.0
Berserker Set,Waist,Berserker Waist Guard,5.0,,41.0,,,,11.0,11.0,11.0,11.0,,,,,,,,,,,,,,,,,,,85.0
Berserker Set,Waist,Berserker Waist Guard,6.0,,50.0,10000.0,,1.0,14.0,14.0,14.0,14.0,,,,,,,,,,,,,,,,,,,106.0
Berserker Set,Waist,Berserker Waist Guard,7.0,,59.0,13500.0,,2.0,16.0,16.0,16.0,16.0,,,,,,,,,,,,,,,,,,,123.0
Berserker Set,Waist,Berserker Waist Guard,8.0,,68.0,16500.0,,3.0,19.0,19.0,19.0,19.0,,,,,,,5.0,,,,,,,,,,,,144.0
Berserker Set,Waist,Berserker Waist Guard,9.0,,77.0,25000.0,,,21.0,21.0,21.0,21.0,,,,,,,,10.0,,,,20.0,,,,,,,161.0
Berserker Set,Waist,Berserker Waist Guard,9.1,86.0,,27500.0,,,24.0,24.0,24.0,24.0,,,5.0,,,,,,,,,,,,,,,,182.0
Berserker Set,Waist,Berserker Waist Guard,9.2,95.0,,30000.0,,,25.0,25.0,25.0,25.0,5.0,,10.0,,,,,,,,,,,,,,,,195.0
Berserker Set,Waist,Berserker Waist Guard,9.3,104.0,,32500.0,,,29.0,29.0,29.0,29.0,,,20.0,10.0,,,,,,,,,,,,,,,220.0
Berserker Set,Waist,Berserker Waist Guard,10.0,113.0,,35000.0,,,31.0,31.0,31.0,31.0,,,30.0,,1.0,,,,,,,,,,,,,,237.0
Steinbjorn Set,Chest,Steinbjorn Plackart,6.0,,123.0,,,,,,,,,,,,,,,,,,,,,,,,,,123.0
Steinbjorn Set,Chest,Steinbjorn Plackart,7.0,,146.0,20000.0,,4.0,,,,,,,,,,,,,,,,,,,,,,,146.0
Steinbjorn Set,Chest,Steinbjorn Plackart,8.0,,168.0,25000.0,,5.0,,,,,,,,,,,,,,,,20.0,,,,,,,168.0
Steinbjorn Set,Chest,Steinbjorn Plackart,9.0,,190.0,35000.0,,,,,,,,2.0,,,,,,,,,,40.0,,,,,,,190.0
Steinbjorn Set,Chest,Steinbjorn Plackart,9.1,,213.0,37500.0,,,,,,,,,10.0,,,,,,,,,,,,,,,,213.0
Steinbjorn Set,Chest,Steinbjorn Plackart,9.2,,235.0,40000.0,,,,,,,10.0,,15.0,,,,,,,,,,,,,,,,235.0
Steinbjorn Set,Chest,Steinbjorn Plackart,9.3,,258.0,42500.0,,,,,,,,,30.0,20.0,,,,,,,,,,,,,,,258.0
Steinbjorn Set,Wrist,Steinbjorn Gauntlets,6.0,22.0,55.0,,,,,,,,,,,,,,,,,,,,,,,,,,77.0
Steinbjorn Set,Wrist,Steinbjorn Gauntlets,7.0,26.0,65.0,13500.0,,2.0,,,,,,,,,,,,,,,,,,,,,,,91.0
Steinbjorn Set,Wrist,Steinbjorn Gauntlets,8.0,30.0,75.0,16500.0,,3.0,,,,,,,,,,,,,,,,10.0,,,,,,,105.0
Steinbjorn Set,Wrist,Steinbjorn Gauntlets,9.0,34.0,85.0,25000.0,,,,,,,,,,,,,5.0,,,,,20.0,,,,,,,119.0
Steinbjorn Set,Wrist,Steinbjorn Gauntlets,9.1,38.0,95.0,27500.0,,,,,,,,,5.0,,,,,,,,,,,,,,,,133.0
Steinbjorn Set,Wrist,Steinbjorn Gauntlets,9.2,42.0,105.0,30000.0,,,,,,,5.0,,10.0,,,,,,,,,,,,,,,,147.0
Steinbjorn Set,Wrist,Steinbjorn Gauntlets,9.3,46.0,115.0,32500.0,,,,,,,,,20.0,10.0,,,,,,,,,,,,,,,161.0
Steinbjorn Set,Wrist,Steinbjorn Gauntlets,10.0,50.0,125.0,35000.0,,,,,,,,,30.0,,1.0,,,,,,,,,,,,,,175.0
Steinbjorn Set,Waist,Steinbjorn Waist Guard,6.0,,77.0,,,,,,,,,,,,,,,,,,,,,,,,,,77.0
Steinbjorn Set,Waist,Steinbjorn Waist Guard,7.0,,91.0,13500.0,,2.0,,,,,,,,,,,,,,,,,,,,,,,91.0
Steinbjorn Set,Waist,Steinbjorn Waist Guard,8.0,,105.0,16500.0,,3.0,,,,,,,,,,,,,,,,10.0,,,,,,,105.0
Steinbjorn Set,Waist,Steinbjorn Waist Guard,9.0,,119.0,25000.0,,,,,,,,,,,,,,10.0,,,,20.0,,,,,,,119.0
Steinbjorn Set,Waist,Steinbjorn Waist Guard,9.1,,133.0,27500.0,,,,,,,,,5.0,,,,,,,,,,,,,,,,133.0
Steinbjorn Set,Waist,Steinbjorn Waist Guard,9.2,,147.0,30000.0,,,,,,,5.0,,10.0,,,,,,,,,,,,,,,,147.0
Steinbjorn Set,Waist,Steinbjorn Waist Guard,9.3,,161.0,32500.0,,,,,,,,,20.0,10.0,,,,,,,,,,,,,,,161.0
Fallen Stars Set,Chest,Plackart of Fallen Stars,6.0,35.0,44.0,,,,40.0,13.0,,,,,,,,,,,,,,,,,,,,,132.0
Fallen Stars Set,Chest,Plackart of Fallen Stars,7.0,42.0,52.0,20000.0,,,47.0,16.0,,,,,,,,,,6.0,,,,20.0,,,,,,,157.0
Fallen Stars Set,Chest,Plackart of Fallen Stars,8.0,48.0,60.0,25000.0,,,54.0,18.0,,,,,,,,,,28.0,,,,,,,,1500.0,,,180.0
Fallen Stars Set,Chest,Plackart of Fallen Stars,9.0,54.0,68.0,35000.0,,,61.0,20.0,,,,2.0,,,,,,,,,,120.0,,,,,,,203.0
Fallen Stars Set,Chest,Plackart of Fallen Stars,9.1,61.0,76.0,37500.0,,,68.0,23.0,,,,,10.0,,,,,,,,,,,,,,,,228.0
Fallen Stars Set,Chest,Plackart of Fallen Stars,9.2,67.0,84.0,40000.0,,,76.0,25.0,,,10.0,,15.0,,,,,,,,,,,,,,,,252.0
Fallen Stars Set,Chest,Plackart of Fallen Stars,9.3,74.0,92.0,42500.0,,,83.0,28.0,,,,,30.0,20.0,,,,,,,,,,,,,,,277.0
Fallen Stars Set,Chest,Plackart of Fallen Stars,10.0,80.0,100.0,45000.0,,,90.0,30.0,,,,,50.0,,1.0,,,,,,,,,,,,,,300.0
Fallen Stars Set,Wrist,Bracers of Fallen Stars,6.0,50.0,,,,,25.0,8.0,,,,,,,,,,,,,,,,,,,,,83.0
Fallen Stars Set,Wrist,Bracers of Fallen Stars,7.0,59.0,,13500.0,,,29.0,10.0,,,,,,,,,,3.0,,,,10.0,,,,,,,98.0
Fallen Stars Set,Wrist,Bracers of Fallen Stars,8.0,68.0,,16500.0,,,34.0,11.0,,,,,,,,,,,,,,40.0,,,,750.0,,,113.0
Fallen Stars Set,Wrist,Bracers of Fallen Stars,9.0,77.0,,25000.0,,,38.0,13.0,,,40.0,,,,,,5.0,,,,,,,,,,,,128.0
Fallen Stars Set,Wrist,Bracers of Fallen Stars,9.1,86.0,,27500.0,,,43.0,14.0,,,,,5.0,,,,,,,,,,,,,,,,143.0
Fallen Stars Set,Wrist,Bracers of Fallen Stars,9.2,95.0,,30000.0,,,47.0,16.0,,,5.0,,10.0,,,,,,,,,,,,,,,,158.0
Fallen Stars Set,Wrist,Bracers of Fallen Stars,9.3,104.0,,32500.0,,,52.0,17.0,,,,,20.0,10.0,,,,,,,,,,,,,,,173.0
Fallen Stars Set,Wrist,Bracers of Fallen Stars,10.0,113.0,,35000.0,,,56.0,19.0,,,,,30.0,,1.0,,,,,,,,,,,,,,188.0
Fallen Stars Set,Waist,Waist Guard of Fallen Stars,6.0,,50.0,,,,25.0,8.0,,,,,,,,,,,,,,,,,,,,,83.0
Fallen Stars Set,Waist,Waist Guard of Fallen Stars,7.0,,59.0,13500.0,,,29.0,10.0,,,,,,,,,,3.0,,,,10.0,,,,,,,98.0
Fallen Stars Set,Waist,Waist Guard of Fallen Stars,8.0,,68.0,16500.0,,,34.0,11.0,,,,,,,,,,,,,,40.0,,,,750.0,,,113.0
Fallen Stars Set,Waist,Waist Guard of Fallen Stars,9.0,,77.0,25000.0,,,38.0,13.0,,,40.0,,,,,,,10.0,,,,,,,,,,,128.0
Fallen Stars Set,Waist,Waist Guard of Fallen Stars,9.1,86.0,,27500.0,,,43.0,14.0,,,,,5.0,,,,,,,,,,,,,,,,143.0
Fallen Stars Set,Waist,Waist Guard of Fallen Stars,9.2,95.0,,30000.0,,,47.0,16.0,,,5.0,,10.0,,,,,,,,,,,,,,,,158.0
Fallen Stars Set,Waist,Waist Guard of Fallen Stars,9.3,104.0,,32500.0,,,52.0,17.0,,,,,20.0,10.0,,,,,,,,,,,,,,,173.0
Fallen Stars Set,Waist,Waist Guard of Fallen Stars,10.0,113.0,,35000.0,,,56.0,19.0,,,,,30.0,,1.0,,,,,,,,,,,,,,188.0
Dragon Scaled Set,Chest,Dragon Scaled Breastplate,6.0,62.0,62.0,14000.0,,,,,,,,,,,,,,,,,,,,,,,2.0,1.0,124.0
Dragon Scaled Set,Chest,Dragon Scaled Breastplate,7.0,73.0,73.0,20000.0,,,,,,,,,,,,,,,,,,,,,,,,2.0,146.0
Dragon Scaled Set,Chest,Dragon Scaled Breastplate,8.0,84.0,84.0,25000.0,,,,,,,,,,,,,,,,,,,,,,1500.0,,2.0,168.0
Dragon Scaled Set,Chest,Dragon Scaled Breastplate,9.0,95.0,95.0,35000.0,,,,,,,,2.0,,,,,,,,,,,,,,,,3.0,190.0
Dragon Scaled Set,Chest,Dragon Scaled Breastplate,9.1,106.0,106.0,37500.0,,,,,,,,,10.0,,,,,,,,,,,,,,,,212.0
Dragon Scaled Set,Chest,Dragon Scaled Breastplate,9.2,118.0,118.0,40000.0,,,,,,,10.0,,15.0,,,,,,,,,,,,,,,,236.0
Dragon Scaled Set,Chest,Dragon Scaled Breastplate,9.3,129.0,129.0,42500.0,,,,,,,,,30.0,20.0,,,,,,,,,,,,,,,258.0
Dragon Scaled Set,Chest,Dragon Scaled Breastplate,10.0,140.0,140.0,45000.0,,,,,,,,,50.0,,1.0,,,,,,,,,,,,,,280.0
Dragon Scaled Set,Wrist,Dragon Scaled Bracers,6.0,60.0,17.0,10000.0,,,,,,,,,,,,,,,,,,,,,,,10.0,,77.0
Dragon Scaled Set,Wrist,Dragon Scaled Bracers,7.0,71.0,20.0,13500.0,,,,,,,,,,,,,,,,,,,,,,,8.0,,91.0
Dragon Scaled Set,Wrist,Dragon Scaled Bracers,8.0,82.0,23.0,16500.0,,,,,,,,,,,,,,,,,,,,,,750.0,,1.0,105.0
Dragon Scaled Set,Wrist,Dragon Scaled Bracers,9.0,93.0,26.0,25000.0,,,,,,,,,,,,,,,,,,20.0,,,,,,1.0,119.0
Dragon Scaled Set,Wrist,Dragon Scaled Bracers,9.1,104.0,29.0,27500.0,,,,,,,,,5.0,,,,,,,,,,,,,,,,133.0
Dragon Scaled Set,Wrist,Dragon Scaled Bracers,9.2,115.0,32.0,30000.0,,,,,,,5.0,,10.0,,,,,,,,,,,,,,,,147.0
Dragon Scaled Set,Wrist,Dragon Scaled Bracers,9.3,126.0,35.0,32500.0,,,,,,,,,20.0,10.0,,,,,,,,,,,,,,,161.0
Dragon Scaled Set,Wrist,Dragon Scaled Bracers,10.0,137.0,38.0,35000.0,,,,,,,,,30.0,,1.0,,,,,,,,,,,,,,175.0
Dragon Scaled Set,Waist,Dragon Scaled Girdle,6.0,17.0,60.0,10000.0,,,,,,,,,,,,,,,,,,,,,,,10.0,,77.0
Dragon Scaled Set,Waist,Dragon Scaled Girdle,7.0,20.0,17.0,13500.0,,,,,,,,,,,,,,,,,,,,,,,8.0,,37.0
Dragon Scaled Set,Waist,Dragon Scaled Girdle,8.0,23.0,82.0,16500.0,,,,,,,,,,,,,,,,,,,,,,750.0,,1.0,105.0
Dragon Scaled Set,Waist,Dragon Scaled Girdle,9.0,26.0,93.0,25000.0,,,,,,,,,,,,,,,,,,20.0,,,,,,1.0,119.0
Dragon Scaled Set,Waist,Dragon Scaled Girdle,9.1,29.0,104.0,27500.0,,,,,,,,,5.0,,,,,,,,,,,,,,,,133.0
Dragon Scaled Set,Waist,Dragon Scaled Girdle,9.2,32.0,115.0,30000.0,,,,,,,5.0,,10.0,,,,,,,,,,,,,,,,147.0
Dragon Scaled Set,Waist,Dragon Scaled Girdle,9.3,35.0,126.0,32500.0,,,,,,,,,20.0,10.0,,,,,,,,,,,,,,,161.0
Dragon Scaled Set,Waist,Dragon Scaled Girdle,10.0,38.0,137.0,35000.0,,,,,,,,,30.0,,1.0,,,,,,,,,,,,,,175.0
Undying Pyres Set,Chest,Shoulder Guard of Undying Pyres,6.0,44.0,35.0,,,,35.0,,18.0,,,,,,,,,,,,,,,,,,,,132.0
Undying Pyres Set,Chest,Shoulder Guard of Undying Pyres,7.0,52.0,42.0,20000.0,,,42.0,,21.0,,,,,,,,,,,,,,,,,1500.0,,,157.0
Undying Pyres Set,Chest,Shoulder Guard of Undying Pyres,8.0,60.0,48.0,25000.0,,,48.0,,24.0,,,4.0,,,,,,,,,,40.0,,,,,,,180.0
Undying Pyres Set,Chest,Shoulder Guard of Undying Pyres,9.0,68.0,54.0,35000.0,,,54.0,,27.0,,,2.0,,,,,,,,,,,,,,3000.0,,,203.0
Undying Pyres Set,Chest,Shoulder Guard of Undying Pyres,9.1,76.0,61.0,37500.0,,,61.0,,30.0,,,,10.0,,,,,,,,,,,,,,,,228.0
Undying Pyres Set,Chest,Shoulder Guard of Undying Pyres,9.2,84.0,67.0,40000.0,,,67.0,,34.0,,10.0,,15.0,,,,,,,,,,,,,,,,252.0
Undying Pyres Set,Chest,Shoulder Guard of Undying Pyres,9.3,92.0,74.0,42500.0,,,74.0,,37.0,,,,30.0,20.0,,,,,,,,,,,,,,,277.0
Undying Pyres Set,Chest,Shoulder Guard of Undying Pyres,10.0,100.0,80.0,45000.0,,,80.0,,40.0,,,,50.0,,1.0,,,,,,,,,,,,,,300.0
Undying Pyres Set,Wrist,Bracers of Undying Pyres,6.0,50.0,,,,,22.0,,11.0,,,,,,,,,,,,,,,,,,,,83.0
Undying Pyres Set,Wrist,Bracers of Undying Pyres,7.0,59.0,,13500.0,,,26.0,,13.0,,,,,,,,,,,,,,,,,1000.0,,,98.0
Undying Pyres Set,Wrist,Bracers of Undying Pyres,8.0,68.0,,16500.0,,,30.0,,15.0,,,,,,,,,,,,,20.0,,,,1500.0,,,113.0
Undying Pyres Set,Wrist,Bracers of Undying Pyres,9.0,77.0,,25000.0,,,34.0,,17.0,,,,,,,,5.0,,,,,40.0,,,,,,,128.0
Undying Pyres Set,Wrist,Bracers of Undying Pyres,9.1,86.0,,27500.0,,,38.0,,19.0,,,,5.0,,,,,,,,,,,,,,,,143.0
Undying Pyres Set,Wrist,Bracers of Undying Pyres,9.2,95.0,,30000.0,,,42.0,,21.0,,5.0,,10.0,,,,,,,,,,,,,,,,158.0
Undying Pyres Set,Wrist,Bracers of Undying Pyres,9.3,104.0,,32500.0,,,46.0,,23.0,,,,20.0,10.0,,,,,,,,,,,,,,,173.0
Undying Pyres Set,Wrist,Bracers of Undying Pyres,10.0,113.0,,35000.0,,,50.0,,25.0,,,,30.0,,1.0,,,,,,,,,,,,,,188.0
Undying Pyres Set,Waist,Girdle of Undying Pyres,6.0,,50.0,,,,22.0,,11.0,,,,,,,,,,,,,,,,,,,,83.0
Undying Pyres Set,Waist,Girdle of Undying Pyres,7.0,,59.0,13500.0,,,26.0,,13.0,,,,,,,,,,,,,,,,,1000.0,,,98.0
Undying Pyres Set,Waist,Girdle of Undying Pyres,8.0,,68.0,16500.0,,,30.0,,15.0,,,,,,,,,,,,,20.0,,,,1500.0,,,113.0
Undying Pyres Set,Waist,Girdle of Undying Pyres,9.0,,77.0,25000.0,,,34.0,,17.0,,,,,,,,,10.0,,,,40.0,,,,,,,128.0
Undying Pyres Set,Waist,Girdle of Undying Pyres,9.1,,86.0,27500.0,,,38.0,,19.0,,,,5.0,,,,,,,,,,,,,,,,143.0
Undying Pyres Set,Waist,Girdle of Undying Pyres,9.2,,95.0,30000.0,,,42.0,,21.0,,5.0,,10.0,,,,,,,,,,,,,,,,158.0
Undying Pyres Set,Waist,Girdle of Undying Pyres,9.3,,104.0,32500.0,,,46.0,,23.0,,,,20.0,10.0,,,,,,,,,,,,,,,173.0
Undying Pyres Set,Waist,Girdle of Undying Pyres,10.0,,113.0,35000.0,,,50.0,,25.0,,,,30.0,,1.0,,,,,,,,,,,,,,188.0
Hunter's Set,Chest,Hunter's Pauldron,6.0,62.0,31.0,,,,,,40.0,,,,,,,,,,,,,,,,,,,,133.0
Hunter's Set,Chest,Hunter's Pauldron,7.0,73.0,36.0,20000.0,,,,,47.0,,,,,,,,,6.0,,,,20.0,,,,,,,156.0
Hunter's Set,Chest,Hunter's Pauldron,8.0,84.0,42.0,25000.0,,,,,54.0,,,,,,,,,28.0,,,,,,,,1500.0,,,180.0
Hunter's Set,Chest,Hunter's Pauldron,9.0,95.0,48.0,35000.0,,,,,61.0,,,2.0,,,,,,,,,,120.0,,,,,,,204.0
Hunter's Set,Chest,Hunter's Pauldron,9.1,106.0,53.0,37500.0,,,,,68.0,,,,10.0,,,,,,,,,,,,,,,,227.0
Hunter's Set,Chest,Hunter's Pauldron,9.2,118.0,59.0,40000.0,,,,,76.0,,10.0,,15.0,,,,,,,,,,,,,,,,253.0
Hunter's Set,Chest,Hunter's Pauldron,9.3,129.0,64.0,42500.0,,,,,83.0,,,,30.0,20.0,,,,,,,,,,,,,,,276.0
Hunter's Set,Chest,Hunter's Pauldron,10.0,140.0,70.0,45000.0,,,,,90.0,,,,50.0,,1.0,,,,,,,,,,,,,,300.0
Hunter's Set,Wrist,Hunter's Gauntlets,6.0,58.0,,,,,,,25.0,,,,,,,,,,,,,,,,,,,,83.0
Hunter's Set,Wrist,Hunter's Gauntlets,7.0,68.0,,13500.0,,,,,29.0,,,,,,,,,3.0,,,,10.0,,,,,,,97.0
Hunter's Set,Wrist,Hunter's Gauntlets,8.0,79.0,,16500.0,,,,,34.0,,,,,,,,,,,,,40.0,,,,750.0,,,113.0
Hunter's Set,Wrist,Hunter's Gauntlets,9.0,89.0,,25000.0,,,,,38.0,,40.0,,,,,,5.0,,,,,,,,,,,,127.0
Hunter's Set,Wrist,Hunter's Gauntlets,9.1,100.0,,27500.0,,,,,43.0,,,,5.0,,,,,,,,,,,,,,,,143.0
Hunter's Set,Wrist,Hunter's Gauntlets,9.2,110.0,,30000.0,,,,,47.0,,5.0,,10.0,,,,,,,,,,,,,,,,157.0
Hunter's Set,Wrist,Hunter's Gauntlets,9.3,121.0,,32500.0,,,,,52.0,,,,20.0,10.0,,,,,,,,,,,,,,,173.0
Hunter's Set,Wrist,Hunter's Gauntlets,10.0,131.0,,35000.0,,,,,56.0,,,,30.0,,1.0,,,,,,,,,,,,,,187.0
Hunter's Set,Waist,Hunter's Belt,6.0,17.0,41.0,,,,,,25.0,,,,,,,,,,,,,,,,,,,,83.0
Hunter's Set,Waist,Hunter's Belt,7.0,20.0,49.0,13500.0,,,,,29.0,,,,,,,,,3.0,,,,10.0,,,,,,,98.0
Hunter's Set,Waist,Hunter's Belt,8.0,23.0,56.0,16500.0,,,,,34.0,,,,,,,,,,,,,40.0,,,,750.0,,,113.0
Hunter's Set,Waist,Hunter's Belt,9.0,26.0,64.0,25000.0,,,,,38.0,,40.0,,,,,,,10.0,,,,,,,,,,,128.0
Hunter's Set,Waist,Hunter's Belt,9.1,29.0,71.0,27500.0,,,,,43.0,,,,5.0,,,,,,,,,,,,,,,,143.0
Hunter's Set,Waist,Hunter's Belt,9.2,32.0,79.0,30000.0,,,,,47.0,,5.0,,10.0,,,,,,,,,,,,,,,,158.0
Hunter's Set,Waist,Hunter's Belt,9.3,35.0,86.0,32500.0,,,,,52.0,,,,20.0,10.0,,,,,,,,,,,,,,,173.0
Hunter's Set,Waist,Hunter's Belt,10.0,38.0,94.0,35000.0,,,,,56.0,,,,30.0,,1.0,,,,,,,,,,,,,,188.0
Fate Breaker Set,Chest,Fate Breaker Shoulder Guard,6.0,44.0,35.0,,,,,40.0,,13.0,,,,,,,,,,,,,,,,,,,132.0
Fate Breaker Set,Chest,Fate Breaker Shoulder Guard,7.0,52.0,42.0,20000.0,,4.0,,47.0,,16.0,,,,,,,,,,,,,,,,,,,157.0
Fate Breaker Set,Chest,Fate Breaker Shoulder Guard,8.0,60.0,48.0,25000.0,,5.0,,54.0,,18.0,20.0,,,,,,,,,,,,,,,,,,180.0
Fate Breaker Set,Chest,Fate Breaker Shoulder Guard,9.0,68.0,54.0,35000.0,,,,61.0,,20.0,40.0,2.0,,,,,,,,,,,,,,,,,203.0
Fate Breaker Set,Chest,Fate Breaker Shoulder Guard,9.1,76.0,61.0,37500.0,,,,68.0,,23.0,,,10.0,,,,,,,,,,,,,,,,228.0
Fate Breaker Set,Chest,Fate Breaker Shoulder Guard,9.2,84.0,67.0,40000.0,,,,76.0,,25.0,10.0,,15.0,,,,,,,,,,,,,,,,252.0
Fate Breaker Set,Chest,Fate Breaker Shoulder Guard,9.3,92.0,74.0,42500.0,,,,83.0,,28.0,,,30.0,20.0,,,,,,,,,,,,,,,277.0
Fate Breaker Set,Chest,Fate Breaker Shoulder Guard,10.0,100.0,80.0,45000.0,,,,90.0,,30.0,,,50.0,,1.0,,,,,,,,,,,,,,300.0
Fate Breaker Set,Wrist,Fate Breaker Wraps,6.0,50.0,,,,,,25.0,,8.0,,,,,,,,,,,,,,,,,,,83.0
Fate Breaker Set,Wrist,Fate Breaker Wraps,7.0,59.0,,13500.0,,2.0,,29.0,,10.0,,,,,,,,,,,,,,,,,,,98.0
Fate Breaker Set,Wrist,Fate Breaker Wraps,8.0,68.0,,16500.0,,3.0,,34.0,,11.0,10.0,,,,,,,,,,,,,,,,,,113.0
Fate Breaker Set,Wrist,Fate Breaker Wraps,9.0,77.0,,25000.0,,,,38.0,,13.0,20.0,,,,,,5.0,,,,,,,,,,,,128.0
Fate Breaker Set,Wrist,Fate Breaker Wraps,9.1,86.0,,27500.0,,,,43.0,,14.0,,,5.0,,,,,,,,,,,,,,,,143.0
Fate Breaker Set,Wrist,Fate Breaker Wraps,9.2,95.0,,30000.0,,,,47.0,,16.0,5.0,,10.0,,,,,,,,,,,,,,,,158.0
Fate Breaker Set,Wrist,Fate Breaker Wraps,9.3,104.0,,32500.0,,,,52.0,,17.0,,,20.0,10.0,,,,,,,,,,,,,,,173.0
Fate Breaker Set,Wrist,Fate Breaker Wraps,10.0,113.0,,35000.0,,,,56.0,,19.0,,,30.0,,1.0,,,,,,,,,,,,,,188.0
Fate Breaker Set,Waist,Fate Breaker Belt,6.0,,50.0,,,,,25.0,,8.0,,,,,,,,,,,,,,,,,,,83.0
Fate Breaker Set,Waist,Fate Breaker Belt,7.0,,59.0,13500.0,,2.0,,29.0,,10.0,,,,,,,,,,,,,,,,,,,98.0
Fate Breaker Set,Waist,Fate Breaker Belt,8.0,,68.0,16500.0,,3.0,,34.0,,11.0,10.0,,,,,,,,,,,,,,,,,,113.0
Fate Breaker Set,Waist,Fate Breaker Belt,9.0,,77.0,25000.0,,,,38.0,,13.0,20.0,,,,,,,10.0,,,,,,,,,,,128.0
Fate Breaker Set,Waist,Fate Breaker Belt,9.1,,86.0,27500.0,,,,43.0,,14.0,,,5.0,,,,,,,,,,,,,,,,143.0
Fate Breaker Set,Waist,Fate Breaker Belt,9.2,,95.0,30000.0,,,,47.0,,16.0,5.0,,10.0,,,,,,,,,,,,,,,,158.0
Fate Breaker Set,Waist,Fate Breaker Belt,9.3,,104.0,32500.0,,,,52.0,,17.0,,,20.0,10.0,,,,,,,,,,,,,,,173.0
Fate Breaker Set,Waist,Fate Breaker Belt,10.0,,113.0,35000.0,,,,56.0,,19.0,,,30.0,,1.0,,,,,,,,,,,,,,188.0
Surtr's Scorched Set,Chest,Surtr's Scorched Cuirass,7.0,62.0,52.0,,,,,36.0,,,,,,,,,,,,,,,,,,,,,150.0
Surtr's Scorched Set,Chest,Surtr's Scorched Cuirass,8.0,72.0,60.0,25000.0,,,,42.0,,,,4.0,,,,,,,,,,40.0,,,,,,,174.0
Surtr's Scorched Set,Chest,Surtr's Scorched Cuirass,9.0,82.0,68.0,35000.0,,,,48.0,,,,2.0,,,,,,,,,,,,,,3000.0,,,198.0
Surtr's Scorched Set,Chest,Surtr's Scorched Cuirass,9.1,91.0,76.0,37500.0,,,,53.0,,,,,10.0,,,,,,,,,,,,,,,,220.0
Surtr's Scorched Set,Chest,Surtr's Scorched Cuirass,9.2,101.0,84.0,40000.0,,,,59.0,,,10.0,,15.0,,,,,,,,,,,,,,,,244.0
Surtr's Scorched Set,Chest,Surtr's Scorched Cuirass,9.3,110.0,92.0,42500.0,,,,64.0,,,,,30.0,20.0,,,,,,,,,,,,,,,266.0
Surtr's Scorched Set,Chest,Surtr's Scorched Cuirass,10.0,120.0,100.0,45000.0,,,,70.0,,,,,50.0,,1.0,,,,,,,,,,,,,,290.0
Surtr's Scorched Set,Wrist,Surtr's Scorched Arm,7.0,72.0,,,,,,23.0,,,,,,,,,,,,,,,,,,,,,95.0
Surtr's Scorched Set,Wrist,Surtr's Scorched Arm,8.0,83.0,,16500.0,,,,26.0,,,,,,,,,,,,,,20.0,,,,1500.0,,,109.0
Surtr's Scorched Set,Wrist,Surtr's Scorched Arm,9.0,94.0,,25000.0,,,,30.0,,,,,,,,,5.0,,,,,40.0,,,,,,,124.0
Surtr's Scorched Set,Wrist,Surtr's Scorched Arm,9.1,105.0,,27500.0,,,,33.0,,,,,5.0,,,,,,,,,,,,,,,,138.0
Surtr's Scorched Set,Wrist,Surtr's Scorched Arm,9.2,116.0,,30000.0,,,,37.0,,,5.0,,10.0,,,,,,,,,,,,,,,,153.0
Surtr's Scorched Set,Wrist,Surtr's Scorched Arm,9.3,127.0,,32500.0,,,,40.0,,,,,20.0,10.0,,,,,,,,,,,,,,,167.0
Surtr's Scorched Set,Wrist,Surtr's Scorched Arm,10.0,138.0,,35000.0,,,,44.0,,,,,30.0,,1.0,,,,,,,,,,,,,,182.0
Surtr's Scorched Set,Waist,Surtr's Scorched Girdle,7.0,13.0,58.0,,,,,23.0,,,,,,,,,,,,,,,,,,,,,94.0
Surtr's Scorched Set,Waist,Surtr's Scorched Girdle,8.0,15.0,67.0,16500.0,,,,26.0,,,,,,,,,,,,,,20.0,,,,1500.0,,,108.0
Surtr's Scorched Set,Waist,Surtr's Scorched Girdle,9.0,17.0,76.0,25000.0,,,,30.0,,,,,,,,,,10.0,,,,40.0,,,,,,,123.0
Surtr's Scorched Set,Waist,Surtr's Scorched Girdle,9.1,19.0,85.0,27500.0,,,,33.0,,,,,5.0,,,,,,,,,,,,,,,,137.0
Surtr's Scorched Set,Waist,Surtr's Scorched Girdle,9.2,21.0,94.0,30000.0,,,,37.0,,,5.0,,10.0,,,,,,,,,,,,,,,,152.0
Surtr's Scorched Set,Waist,Surtr's Scorched Girdle,9.3,23.0,103.0,32500.0,,,,40.0,,,,,20.0,10.0,,,,,,,,,,,,,,,166.0
Surtr's Scorched Set,Waist,Surtr's Scorched Girdle,10.0,25.0,112.0,35000.0,,,,44.0,,,,,30.0,,1.0,,,,,,,,,,,,,,181.0
Ares Set,Chest,Cuirass of Ares,7.0,52.0,42.0,25000.0,,,,31.0,,31.0,,,,,,,,,,,,,,,,,,,156.0
Ares Set,Chest,Cuirass of Ares,8.0,60.0,48.0,25000.0,,,,36.0,,36.0,20.0,,,,,,,,5.0,,,,,,,,,,180.0
Ares Set,Chest,Cuirass of Ares,9.0,68.0,54.0,35000.0,,20.0,,41.0,,41.0,40.0,,,,,,,,,,,,,,,,,,204.0
Ares Set,Chest,Cuirass of Ares,9.1,76.0,61.0,37500.0,,,,46.0,,46.0,,,10.0,,,,,,,,,,,,,,,,229.0
Ares Set,Chest,Cuirass of Ares,9.2,84.0,67.0,40000.0,,,,50.0,,50.0,10.0,,15.0,,,,,,,,,,,,,,,,251.0
Ares Set,Chest,Cuirass of Ares,9.3,92.0,74.0,42500.0,,,,55.0,,55.0,,,30.0,20.0,,,,,,,,,,,,,,,276.0
Ares Set,Chest,Cuirass of Ares,10.0,100.0,80.0,45000.0,,,,60.0,,60.0,,,50.0,,1.0,,,,,,,,,,,,,,300.0
Ares Set,Wrist,Gauntlets of Ares,7.0,59.0,,16500.0,,,,20.0,,20.0,,,,,,,,,,,,,,,,,,,99.0
Ares Set,Wrist,Gauntlets of Ares,8.0,68.0,,16500.0,,,,23.0,,23.0,10.0,,,,,,,,3.0,,,,,,,,,,114.0
Ares Set,Wrist,Gauntlets of Ares,9.0,77.0,,25000.0,,15.0,,26.0,,26.0,20.0,,,,,,,,,,,,,,,,,,129.0
Ares Set,Wrist,Gauntlets of Ares,9.1,86.0,,27500.0,,,,29.0,,29.0,,,5.0,,,,,,,,,,,,,,,,144.0
Ares Set,Wrist,Gauntlets of Ares,9.2,95.0,,30000.0,,,,32.0,,32.0,5.0,,10.0,,,,,,,,,,,,,,,,159.0
Ares Set,Wrist,Gauntlets of Ares,9.3,104.0,,32500.0,,,,35.0,,35.0,,,20.0,10.0,,,,,,,,,,,,,,,174.0
Ares Set,Wrist,Gauntlets of Ares,10.0,113.0,,35000.0,,,,38.0,,38.0,,,30.0,,1.0,,,,,,,,,,,,,,189.0
Ares Set,Waist,War Belt of Ares,7.0,,59.0,16500.0,,,,20.0,,20.0,,,,,,,,,,,,,,,,,,,99.0
Ares Set,Waist,War Belt of Ares,8.0,,68.0,16500.0,,,,23.0,,23.0,10.0,,,,,,,,3.0,,,,,,,,,,114.0
Ares Set,Waist,War Belt of Ares,9.0,,77.0,25000.0,,15.0,,26.0,,26.0,20.0,,,,,,,,,,,,,,,,,,129.0
Ares Set,Waist,War Belt of Ares,9.1,,86.0,27500.0,,,,29.0,,29.0,,,5.0,,,,,,,,,,,,,,,,144.0
Ares Set,Waist,War Belt of Ares,9.2,,95.0,30000.0,,,,32.0,,32.0,5.0,,10.0,,,,,,,,,,,,,,,,159.0
Ares Set,Waist,War Belt of Ares,9.3,,104.0,32500.0,,,,35.0,,35.0,,,20.0,10.0,,,,,,,,,,,,,,,174.0
Ares Set,Waist,War Belt of Ares,10.0,,113.0,35000.0,,,,38.0,,38.0,,,30.0,,1.0,,,,,,,,,,,,,,189.0
Zeus Set,Chest,Cuirass of Zeus,10.0,100.0,100.0,,,,80.0,,,,,,,,,,,,,,,,,,,,,,280.0
Zeus Set,Wrist,Gauntlets of Zeus,10.0,125.0,,,,,50.0,,,,,,,,,,,,,,,,,,,,,,175.0
Zeus Set,Waist,War Belt of Zeus,10.0,,125.0,,,,50.0,,,,,,,,,,,,,,,,,,,,,,175.0
Classic Sparta Set,Chest,Glory of Sparta,9.1,160.0,75.0,,,,,84.0,,,,,,,,,,,,,,,,,,,,,319.0
Classic Sparta Set,Chest,Glory of Sparta,9.2,160.0,67.0,40000.0,,,,84.0,,,10.0,,15.0,,,,,,,,,,,,,,,,311.0
Classic Sparta Set,Chest,Glory of Sparta,9.3,175.0,74.0,42500.0,,,,92.0,,,,,30.0,20.0,,,,,,,,,,,,,,,341.0
Classic Sparta Set,Chest,Glory of Sparta,10.0,190.0,80.0,45000.0,,,,100.0,,,,,50.0,,1.0,,,,,,,,,,,,,,370.0
Classic Sparta Set,Wrist,Pride of Sparta,9.1,128.0,,,,,,48.0,,,,,,,,,,,,,,,,,,,,,176.0
Classic Sparta Set,Wrist,Pride of Sparta,9.2,142.0,,30000.0,,,,53.0,,,5.0,,10.0,,,,,,,,,,,,,,,,195.0
Classic Sparta Set,Wrist,Pride of Sparta,9.3,155.0,,32500.0,,,,58.0,,,,,20.0,10.0,,,,,,,,,,,,,,,213.0
Classic Sparta Set,Wrist,Pride of Sparta,10.0,169.0,,35000.0,,,,63.0,,,,,30.0,,1.0,,,,,,,,,,,,,,232.0
Classic Sparta Set,Waist,Mark of Sparta,9.1,52.0,76.0,,,,,48.0,,,,,,,,,,,,,,,,,,,,,176.0
Classic Sparta Set,Waist,Mark of Sparta,9.2,58.0,84.0,30000.0,,,,53.0,,,5.0,,10.0,,,,,,,,,,,,,,,,195.0
Classic Sparta Set,Waist,Mark of Sparta,9.3,63.0,92.0,32500.0,,,,58.0,,,,,20.0,10.0,,,,,,,,,,,,,,,213.0
Classic Sparta Set,Waist,Mark of Sparta,10.0,69.0,100.0,30.0,,,,63.0,,,,,30.0,,1.0,,,,,,,,,,,,,,232.0
